arquivo,classe,especie,licenca,atribuicao,observacao_url,foto_id,data_observacao,local
inat_732747969.jpg,capivara,Hydrochoerus hydrochaeris,CC-BY-NC,"(c) Luciano Stasiak, some rights reserved (CC BY-NC)",https://www.inaturalist.org/observations/399388073,732747969,2026-09-09,"Barragem de Santarém - Santa Rita Durão, Mariana - MG, 35420-000, Brasil"
inat_731125082.jpg,capivara,Hydrochoerus hydrochaeris,CC-BY-NC,"(c) Eduarda _Duda, some rights reserved (CC BY-NC)",https://www.inaturalist.org/observations/398553009,731125082,2026-07-04,"Avenida Principal - Taim, Rio Grande - RS, Brasil"
inat_731088050.jpg,capivara,Hydrochoerus hydrochaeris,CC-BY-NC,"(c) Izabella Cardoso, some rights reserved (CC BY-NC)",https://www.inaturalist.org/observations/398534016,731088050,2026-09-05,"Alameda Sucupira, Atibaia, SP, BR"
inat_731040913.jpg,capivara,Hydrochoerus hydrochaeris,CC-BY-NC,"(c) Marcos Antônio De lima, some rights reserved (CC BY-NC)",https://www.inaturalist.org/observations/398510137,731040913,2026-09-08,"Santa Regina, Camboriú - SC, 88340-000, Brasil"
inat_730655141.jpg,capivara,Hydrochoerus hydrochaeris,CC-BY-NC,"(c) Juleseth, some rights reserved (CC BY-NC)",https://www.inaturalist.org/observations/398309259,730655141,2026-09-07,"St. de Habitações Individuais Sul QI 12 - Lago Sul, Brasília - DF, Brazil"
inat_729957147.jpg,capivara,Hydrochoerus hydrochaeris,CC-BY-NC,"(c) Franco Correa Irrazabal, some rights reserved (CC BY-NC)",https://www.inaturalist.org/observations/397954500,729957147,2026-09-06,"Puerto Madero, Cdad. Autónoma de Buenos Aires, Argentina"
inat_729150247.jpg,capivara,Hydrochoerus hydrochaeris,CC-BY-NC,"(c) Tomás Molina Ehrman, some rights reserved (CC BY-NC)",https://www.inaturalist.org/observations/397543415,729150247,2026-09-04,"Comuna 13, Cdad. Autónoma de Buenos Aires, Argentina"
inat_729115988.jpg,capivara,Hydrochoerus hydrochaeris,CC-BY-NC,"(c) Tomás Molina Ehrman, some rights reserved (CC BY-NC)",https://www.inaturalist.org/observations/397525989,729115988,2026-04-22,"Belgrano, Cdad. Autónoma de Buenos Aires, Argentina"
inat_728908805.jpg,capivara,Hydrochoerus hydrochaeris,CC-BY-NC,"(c) facundotedesco, some rights reserved (CC BY-NC)",https://www.inaturalist.org/observations/397251343,728908805,2026-09-04,"Reserva Ecológica Costanera Sur, Buenos Aires, CABA, AR"
inat_728545611.jpg,capivara,Hydrochoerus hydrochaeris,CC-BY-NC,"(c) irislopes, some rights reserved (CC BY-NC)",https://www.inaturalist.org/observations/397233182,728545611,2026-09-01,"Avenida Prefeito Frederico de Alvim Padilha, Santo Antônio De Pádua, RJ, BR"
inat_727875891.jpg,capivara,Hydrochoerus hydrochaeris,CC-BY-NC,"(c) Hevy, some rights reserved (CC BY-NC)",https://www.inaturalist.org/observations/396888121,727875891,2026-03-21,"Parque Centenário da Imigração Japonesa, Mogi das Cruzes, SP, BR"
inat_727773542.jpg,capivara,Hydrochoerus hydrochaeris,CC-BY-NC,"(c) Davi Parreira, some rights reserved (CC BY-NC)",https://www.inaturalist.org/observations/396836751,727773542,2026-09-02,"Rod. Ver. Geraldo Dias, 4033 - Jardim Currupira, Jundiaí - SP, Brasil - Vila Hortolandia, Jundiaí - SP, 13214-788, Brasil"
inat_727505225.jpg,capivara,Hydrochoerus hydrochaeris,CC-BY-NC,"(c) Nicola Marchioli, some rights reserved (CC BY-NC)",https://www.inaturalist.org/observations/396702269,727505225,2026-07-25,"Pantanal, Corumbá - Mato Grosso del Sul, Brasile"
inat_727098900.jpg,capivara,Hydrochoerus hydrochaeris,CC-BY-NC,"(c) Nicola Marchioli, some rights reserved (CC BY-NC)",https://www.inaturalist.org/observations/396486890,727098900,2026-07-25,"Pantanal, Barão de Melgaço - Mato Grosso, Brasile"
inat_726575689.jpg,capivara,Hydrochoerus hydrochaeris,CC-BY-NC,"(c) Nicola Marchioli, some rights reserved (CC BY-NC)",https://www.inaturalist.org/observations/396205533,726575689,2026-07-25,"Pantanal, Barão de Melgaço - Mato Grosso, Brasile"
inat_726220160.jpg,capivara,Hydrochoerus hydrochaeris,CC-BY-NC,"(c) pabloscazzina, some rights reserved (CC BY-NC)",https://www.inaturalist.org/observations/396025499,726220160,2026-08-19,"Dionísio Cerqueira, Santa Catarina, Brasil"
inat_725816041.jpg,capivara,Hydrochoerus hydrochaeris,CC-BY-NC,"(c) Nicola Marchioli, some rights reserved (CC BY-NC)",https://www.inaturalist.org/observations/395822685,725816041,2026-07-24,"Pantanal, Poconé - Mato Grosso, 78175-000, Brasile"
inat_725672677.jpg,capivara,Hydrochoerus hydrochaeris,CC-BY-NC,"(c) Marina Teles Oliveira, some rights reserved (CC BY-NC)",https://www.inaturalist.org/observations/395747400,725672677,2026-08-30,"Várzea, Recife - PE, Brasil"
inat_725536222.jpg,capivara,Hydrochoerus hydrochaeris,CC-BY-NC,"(c) Tomás Molina Ehrman, some rights reserved (CC BY-NC)",https://www.inaturalist.org/observations/395679738,725536222,2026-08-27,"Belgrano, Cdad. Autónoma de Buenos Aires, Argentina"
inat_725502064.jpg,capivara,Hydrochoerus hydrochaeris,CC-BY-NC,"(c) Sérgio Tück, some rights reserved (CC BY-NC)",https://www.inaturalist.org/observations/395663115,725502064,2026-07-18,"Atibaia - SP, Brasil"
inat_725501984.jpg,capivara,Hydrochoerus hydrochaeris,CC-BY-NC,"(c) Sérgio Tück, some rights reserved (CC BY-NC)",https://www.inaturalist.org/observations/395663110,725501984,2026-07-18,"Atibaia - SP, Brasil"
inat_725424172.jpg,capivara,Hydrochoerus hydrochaeris,CC-BY-NC,"(c) Tomás Molina Ehrman, some rights reserved (CC BY-NC)",https://www.inaturalist.org/observations/395624490,725424172,2026-08-28,"Belgrano, Cdad. Autónoma de Buenos Aires, Argentina"
inat_725125662.jpg,capivara,Hydrochoerus hydrochaeris,CC-BY-NC,"(c) Nicola Marchioli, some rights reserved (CC BY-NC)",https://www.inaturalist.org/observations/395460914,725125662,2026-07-24,"Pantanal, Corumbá - Mato Grosso del Sul, Brasile"
inat_723795049.jpg,capivara,Hydrochoerus hydrochaeris,CC-BY-NC,"(c) Jorge Damaceno, some rights reserved (CC BY-NC)",https://www.inaturalist.org/observations/394787405,723795049,2026-08-25,"Águas de São Pedro - SP, 13525-000, Brasil"
inat_722760458.jpg,capivara,Hydrochoerus hydrochaeris,CC-BY-NC,"(c) Lilian L, some rights reserved (CC BY-NC)",https://www.inaturalist.org/observations/394260951,722760458,2026-07-22,"Porto Jofre - Mato Grosso, Brésil"
inat_721057882.jpg,capivara,Hydrochoerus hydrochaeris,CC-BY-NC,"(c) Filipe da Cunha, some rights reserved (CC BY-NC)",https://www.inaturalist.org/observations/393390826,721057882,2026-07-23,"Iperó - SP, 18560-000, Brasil"
inat_721010964.jpg,capivara,Hydrochoerus hydrochaeris,CC-BY-NC,"(c) Luiz, some rights reserved (CC BY-NC)",https://www.inaturalist.org/observations/393367038,721010964,2026-08-01,"Lagoa Azul, Suzano - SP, Brasil"
inat_720979194.jpg,capivara,Hydrochoerus hydrochaeris,CC-BY-NC,"(c) Luca Pusceddu, some rights reserved (CC BY-NC)",https://www.inaturalist.org/observations/393349959,720979194,2026-08-18,"Av. Miguel Estefano, 3031 - Parque do Estado, São Paulo - SP, Brasil"
inat_720906385.jpg,capivara,Hydrochoerus hydrochaeris,CC-BY-NC,"(c) Tomás Molina Ehrman, some rights reserved (CC BY-NC)",https://www.inaturalist.org/observations/393314814,720906385,2026-08-19,"Belgrano, Cdad. Autónoma de Buenos Aires, Argentina"
inat_719838108.jpg,capivara,Hydrochoerus hydrochaeris,CC-BY-NC,"(c) Nahuel, some rights reserved (CC BY-NC)",https://www.inaturalist.org/observations/392769973,719838108,2026-08-19,Reserva Ecológica Ciudad Universitaria-Costanera Norte
inat_719254596.jpg,capivara,Hydrochoerus hydrochaeris,CC-BY-NC,"(c) Emma Prates, some rights reserved (CC BY-NC)",https://www.inaturalist.org/observations/392469305,719254596,2026-08-18,"Governador Valadares, BR-MG, BR"
inat_719248628.jpg,capivara,Hydrochoerus hydrochaeris,CC-BY-NC,"(c) Murilo Sobral, some rights reserved (CC BY-NC)",https://www.inaturalist.org/observations/392465797,719248628,2025-01-30,"SP-332, km 34,3 sul - Melhoramentos, Caieiras - SP, 13205-005, Brasil"
inat_717904606.jpg,capivara,Hydrochoerus hydrochaeris,CC-BY-NC,"(c) Nicola Marchioli, some rights reserved (CC BY-NC)",https://www.inaturalist.org/observations/391775823,717904606,2026-07-22,"Pantanal, Poconé - Mato Grosso, 78175-000, Brasile"
inat_717460922.jpg,capivara,Hydrochoerus hydrochaeris,CC-BY-NC,"(c) Tanlor, some rights reserved (CC BY-NC)",https://www.inaturalist.org/observations/391545245,717460922,2026-08-15,"Rua Newton Vieira Soares Votorantim - São Paulo, 19115, Brasil - Protestantes, Votorantim - SP, 18110-013, Brasil"
inat_715856461.jpg,capivara,Hydrochoerus hydrochaeris,CC-BY-NC,"(c) Isobel Bender, some rights reserved (CC BY-NC)",https://www.inaturalist.org/observations/390722982,715856461,2026-08-11,"Rodovia Bernardo Sayão, Dom Eliseu, PA, BR"
inat_712646383.jpg,capivara,Hydrochoerus hydrochaeris,CC-BY-NC,"(c) Guilherme Perrud, some rights reserved (CC BY-NC)",https://www.inaturalist.org/observations/389077851,712646383,2026-08-07,"Cascavel, PR, 85816, Brasil"
inat_712551574.jpg,capivara,Hydrochoerus hydrochaeris,CC-BY-NC,"(c) Nicola Marchioli, some rights reserved (CC BY-NC)",https://www.inaturalist.org/observations/389029756,712551574,2026-07-22,"Pantanal, Poconé - Mato Grosso, 78175-000, Brasile"
inat_712358411.jpg,capivara,Hydrochoerus hydrochaeris,CC-BY-SA,"(c) Caroline Galassi, some rights reserved (CC BY-SA)",https://www.inaturalist.org/observations/388919370,712358411,2026-08-02,"Campinas, SP, Brasil"
inat_712354479.jpg,capivara,Hydrochoerus hydrochaeris,CC-BY-SA,"(c) Caroline Galassi, some rights reserved (CC BY-SA)",https://www.inaturalist.org/observations/388916775,712354479,2026-07-05,"Jaguariúna, SP, Brasil"
inat_712354346.jpg,capivara,Hydrochoerus hydrochaeris,CC-BY-SA,"(c) Caroline Galassi, some rights reserved (CC BY-SA)",https://www.inaturalist.org/observations/388916771,712354346,2026-07-05,"Jaguariúna, SP, Brasil"
inat_711792562.jpg,capivara,Hydrochoerus hydrochaeris,CC-BY-NC,"(c) Juleseth, some rights reserved (CC BY-NC)",https://www.inaturalist.org/observations/388628754,711792562,2026-08-05,"20000 Maldonado Department, Uruguay"
inat_711558189.jpg,capivara,Hydrochoerus hydrochaeris,CC-BY-NC,"(c) Francisco J. Serrano Eizaguerri, some rights reserved (CC BY-NC)",https://www.inaturalist.org/observations/388515895,711558189,2025-10-24,"Gral. José Ballivián, Bolivia"
inat_711446170.jpg,capivara,Hydrochoerus hydrochaeris,CC-BY-NC,"(c) Felipe de Paula Pádua, some rights reserved (CC BY-NC)",https://www.inaturalist.org/observations/388453442,711446170,2026-08-04,"Porto Velho, Itajubá - MG, Brasil"
inat_711340747.jpg,capivara,Hydrochoerus hydrochaeris,CC-BY-NC,"(c) Francisco J. Serrano Eizaguerri, some rights reserved (CC BY-NC)",https://www.inaturalist.org/observations/388397764,711340747,2025-10-24,"Gral. José Ballivián, Bolivia"
inat_710636935.jpg,capivara,Hydrochoerus hydrochaeris,CC-BY-NC,"(c) Nereston (Nelinho) Camargo, some rights reserved (CC BY-NC)",https://www.inaturalist.org/observations/388042904,710636935,2026-05-25,"Jardim Veraneio, Campo Grande - MS, Brasil"
inat_710034637.jpg,capivara,Hydrochoerus hydrochaeris,CC-BY-NC,"(c) Tomás Molina Ehrman, some rights reserved (CC BY-NC)",https://www.inaturalist.org/observations/387733871,710034637,2026-08-01,"Núñez, Cdad. Autónoma de Buenos Aires, Argentina"
inat_709987511.jpg,capivara,Hydrochoerus hydrochaeris,CC-BY-SA,"(c) Ana Cristina Almeida, some rights reserved (CC BY-SA)",https://www.inaturalist.org/observations/387712860,709987511,2026-08-02,"Parque Cidade de Toronto - Av. Cardeal Motta, 84 - City América, São Paulo - SP, 05101-210, Brasil"
inat_709958042.jpg,capivara,Hydrochoerus hydrochaeris,CC-BY-NC,"(c) Tomás Molina Ehrman, some rights reserved (CC BY-NC)",https://www.inaturalist.org/observations/387695446,709958042,2026-08-01,"Comuna 13, Cdad. Autónoma de Buenos Aires, Argentina"
inat_709463347.jpg,capivara,Hydrochoerus hydrochaeris,CC-BY-NC,"(c) mel renovato, some rights reserved (CC BY-NC)",https://www.inaturalist.org/observations/387435807,709463347,2023-04-29,"Avenida Andromeda 500, Setor Socioeconômico 14, São José dos Campos - São Paulo, 12231, Brasil - Floradas de São José, São José dos Campos - SP, 12230-250, Brasil"
inat_708924207.jpg,capivara,Hydrochoerus hydrochaeris,CC-BY-NC,"(c) Lucas Porcellis, some rights reserved (CC BY-NC)",https://www.inaturalist.org/observations/387157316,708924207,2023-05-06,"Q 107 Condomínio Parque das Aguas - Águas Claras, Brasília - DF, 71928-720, Brasil"
inat_708541781.jpg,capivara,Hydrochoerus hydrochaeris,CC-BY-NC,"(c) Tomás Molina Ehrman, some rights reserved (CC BY-NC)",https://www.inaturalist.org/observations/386959840,708541781,2026-07-24,"Belgrano, Cdad. Autónoma de Buenos Aires, Argentina"
inat_708078824.jpg,capivara,Hydrochoerus hydrochaeris,CC-BY-NC,"(c) lorenking, some rights reserved (CC BY-NC)",https://www.inaturalist.org/observations/386719452,708078824,2026-07-30,"Ilha de Santa Catarina, Florianópolis, SC, BR"
inat_708069750.jpg,capivara,Hydrochoerus hydrochaeris,CC-BY-NC,"(c) Tomás Molina Ehrman, some rights reserved (CC BY-NC)",https://www.inaturalist.org/observations/386715336,708069750,2026-07-29,"Comuna 13, Cdad. Autónoma de Buenos Aires, Argentina"
inat_707815826.jpg,capivara,Hydrochoerus hydrochaeris,CC-BY-NC,"(c) heitor2008, some rights reserved (CC BY-NC)",https://www.inaturalist.org/observations/386575129,707815826,2024-07-27,"Barreiro, Araxá - MG, Brasil"
inat_707580906.jpg,capivara,Hydrochoerus hydrochaeris,CC-BY-NC,"(c) Stefanel Bonilla, some rights reserved (CC BY-NC)",https://www.inaturalist.org/observations/386456564,707580906,2026-07-26,"FH64+863 Humedal Reserva Ecológica Ciudad Universitaria Costanera Norte, Cdad. Autónoma de Buenos Aires, Argentina"
inat_707433276.jpg,capivara,Hydrochoerus hydrochaeris,CC-BY-NC,"(c) us3rn4m3, some rights reserved (CC BY-NC)",https://www.inaturalist.org/observations/386378143,707433276,2026-07-26,"Prumirim Beach, Ubatuba - State of São Paulo, Brazil"
inat_705590458.jpg,capivara,Hydrochoerus hydrochaeris,CC-BY-NC,"(c) Andre Mariano, some rights reserved (CC BY-NC)",https://www.inaturalist.org/observations/385419209,705590458,2026-07-26,"Parque da Rua do Porto, Piracicaba - SP, Brasil"
inat_705027014.jpg,capivara,Hydrochoerus hydrochaeris,CC-BY-NC,"(c) Tomás Molina Ehrman, some rights reserved (CC BY-NC)",https://www.inaturalist.org/observations/385114906,705027014,2026-07-25,"Villa Soldati, Cdad. Autónoma de Buenos Aires, Argentina"
inat_704808916.jpg,capivara,Hydrochoerus hydrochaeris,CC-BY-NC,"(c) Tatiana Roveran, some rights reserved (CC BY-NC)",https://www.inaturalist.org/observations/385004238,704808916,2026-07-25,"Parque da Rua do Porto, Piracicaba - SP, Brasil"
inat_704542772.jpg,capivara,Hydrochoerus hydrochaeris,CC-BY-NC,"(c) Mark Bailey, some rights reserved (CC BY-NC)",https://www.inaturalist.org/observations/384863332,704542772,2026-07-24,"17500, Peru"
inat_704079110.jpg,capivara,Hydrochoerus hydrochaeris,CC-BY-NC,"(c) Mark Bailey, some rights reserved (CC BY-NC)",https://www.inaturalist.org/observations/384623809,704079110,2026-07-24,Tambopata Research Center
inat_703546432.jpg,capivara,Hydrochoerus hydrochaeris,CC-BY-NC,"(c) Miguel Volkweis Rasnheski, some rights reserved (CC BY-NC)",https://www.inaturalist.org/observations/384348810,703546432,2026-07-23,"Matupá - MT, Brasil"
inat_703504262.jpg,capivara,Hydrochoerus hydrochaeris,CC-BY-NC,"(c) Mark Bailey, some rights reserved (CC BY-NC)",https://www.inaturalist.org/observations/384326457,703504262,2026-07-23,"17500, Peru"
inat_703110797.jpg,capivara,Hydrochoerus hydrochaeris,CC-BY-NC,"(c) Mark Bailey, some rights reserved (CC BY-NC)",https://www.inaturalist.org/observations/384120943,703110797,2026-07-22,"17500, Peru"
inat_703013538.jpg,capivara,Hydrochoerus hydrochaeris,CC-BY-NC,"(c) Maria Atalla Belloti, some rights reserved (CC BY-NC)",https://www.inaturalist.org/observations/384072565,703013538,2026-07-20,"Pirassununga, SP, 13637, Brasil"
inat_701696122.jpg,capivara,Hydrochoerus hydrochaeris,CC-BY-NC,"(c) Patrick HAFFNER, some rights reserved (CC BY-NC)",https://www.inaturalist.org/observations/383390441,701696122,2024-09-15,"Poconé - State of Mato Grosso, 78175-000, Brésil"
inat_700900393.jpg,capivara,Hydrochoerus hydrochaeris,CC-BY-NC,"(c) Manequinho Correia, some rights reserved (CC BY-NC)",https://www.inaturalist.org/observations/382976887,700900393,2026-07-18,"Estr. Gov. Mario Covas Júnior - Boa Vista Paulista, Poá - SP, Brasil"
inat_700766546.jpg,capivara,Hydrochoerus hydrochaeris,CC-BY-NC,"(c) Tomás Molina Ehrman, some rights reserved (CC BY-NC)",https://www.inaturalist.org/observations/382902713,700766546,2026-07-18,"Belgrano, Cdad. Autónoma de Buenos Aires, Argentina"
inat_700765899.jpg,capivara,Hydrochoerus hydrochaeris,CC-BY-NC,"(c) Tomás Molina Ehrman, some rights reserved (CC BY-NC)",https://www.inaturalist.org/observations/382902565,700765899,2026-07-18,"Belgrano, Cdad. Autónoma de Buenos Aires, Argentina"
inat_698582295.jpg,capivara,Hydrochoerus hydrochaeris,CC-BY-NC,"(c) Keyla Rosado, some rights reserved (CC BY-NC)",https://www.inaturalist.org/observations/381769251,698582295,2026-07-15,"Praia de Boiçucanga, São Sebastião - SP, 11600-000, Brasil"
inat_698131218.jpg,capivara,Hydrochoerus hydrochaeris,CC-BY-NC,"(c) Tomás Molina Ehrman, some rights reserved (CC BY-NC)",https://www.inaturalist.org/observations/381536803,698131218,2026-07-14,"Belgrano, Cdad. Autónoma de Buenos Aires, Argentina"
inat_695622967.jpg,capivara,Hydrochoerus hydrochaeris,CC-BY-NC,"(c) Lana, some rights reserved (CC BY-NC)",https://www.inaturalist.org/observations/380236029,695622967,2026-06-26,"17000, Peru"
inat_692772701.jpg,capivara,Hydrochoerus hydrochaeris,CC-BY-NC,"(c) Brandon Hawn, some rights reserved (CC BY-NC)",https://www.inaturalist.org/observations/378770217,692772701,2026-06-27,"20200 Solís, Maldonado Department, Uruguay"
inat_692772694.jpg,capivara,Hydrochoerus hydrochaeris,CC-BY-NC,"(c) Brandon Hawn, some rights reserved (CC BY-NC)",https://www.inaturalist.org/observations/378770213,692772694,2026-06-27,"20200 Solís, Maldonado Department, Uruguay"
inat_692495239.jpg,capivara,Hydrochoerus hydrochaeris,CC-BY-NC,"(c) Laura Paulucci, some rights reserved (CC BY-NC)",https://www.inaturalist.org/observations/378624077,692495239,2026-07-05,"R4M6+4X - São José dos Campos, SP, Brasil"
inat_691790732.jpg,capivara,Hydrochoerus hydrochaeris,CC-BY-NC,"(c) Lissandro Dittmar, some rights reserved (CC BY-NC)",https://www.inaturalist.org/observations/378257317,691790732,2026-07-04,"Matriz, Curitiba - State of Paraná, 80730, Brasilien"
inat_691764269.jpg,capivara,Hydrochoerus hydrochaeris,CC-BY-NC,"(c) Arthur Goy de Souza, some rights reserved (CC BY-NC)",https://www.inaturalist.org/observations/378244274,691764269,2026-06-30,"Avenida Horácio Neto, 936-982 - Vila dos Netos, Atibaia - SP, 12940-385, Brasil"
inat_690518905.jpg,capivara,Hydrochoerus hydrochaeris,CC-BY-NC,"(c) Tomás Molina Ehrman, some rights reserved (CC BY-NC)",https://www.inaturalist.org/observations/377596467,690518905,2026-07-02,"Belgrano, Cdad. Autónoma de Buenos Aires, Argentina"
inat_689681596.jpg,capivara,Hydrochoerus hydrochaeris,CC-BY-NC,"(c) Lucila Boasso, some rights reserved (CC BY-NC)",https://www.inaturalist.org/observations/377167176,689681596,2026-01-17,"Rua dos Eucaliptos - Campeche, Florianópolis - SC, 88063-287, Brasil"
inat_689493220.jpg,capivara,Hydrochoerus hydrochaeris,CC-BY-NC,"(c) pinkglitterrzzz, some rights reserved (CC BY-NC)",https://www.inaturalist.org/observations/377065807,689493220,2026-01-22,"Avenida Ministro José Américo de Almeida, João Pessoa, PB, BR"
inat_687440480.jpg,capivara,Hydrochoerus hydrochaeris,CC-BY-NC,"(c) Enzo Suarez, some rights reserved (CC BY-NC)",https://www.inaturalist.org/observations/376008619,687440480,2026-06-27,"Belgrano, Cdad. Autónoma de Buenos Aires, Argentina"
inat_686174211.jpg,capivara,Hydrochoerus hydrochaeris,CC-BY,"(c) yongestation, some rights reserved (CC BY)",https://www.inaturalist.org/observations/375364388,686174211,2026-06-25,"Vila Santo Henrique, São Paulo - State of São Paulo, Brazil"
inat_685267579.jpg,capivara,Hydrochoerus hydrochaeris,CC-BY-NC,"(c) Viviane, some rights reserved (CC BY-NC)",https://www.inaturalist.org/observations/374883217,685267579,2026-06-23,"Vila Assunção, Porto Alegre - RS, Brasil"
inat_685004176.jpg,capivara,Hydrochoerus hydrochaeris,CC-BY,"(c) yongestation, some rights reserved (CC BY)",https://www.inaturalist.org/observations/374756153,685004176,2026-06-23,"Cachoeiras de Macacu - State of Rio de Janeiro, 28680-000, Brazil"
inat_683527294.jpg,capivara,Hydrochoerus hydrochaeris,CC-BY,"(c) yongestation, some rights reserved (CC BY)",https://www.inaturalist.org/observations/373999965,683527294,2026-06-21,"Cachoeiras de Macacu - State of Rio de Janeiro, 28680-000, Brazil"
inat_681883998.jpg,capivara,Hydrochoerus hydrochaeris,CC-BY-NC,"(c) Valeria Vieira, some rights reserved (CC BY-NC)",https://www.inaturalist.org/observations/373129843,681883998,2026-05-08,"Av. Roraima nº 1000 Cidade Universitária Bairro - Camobi, Santa Maria - RS, 97105-900, Brasil"
inat_681607728.jpg,capivara,Hydrochoerus hydrochaeris,CC-BY-NC,"(c) J D, some rights reserved (CC BY-NC)",https://www.inaturalist.org/observations/372987286,681607728,2026-06-03,"17000, Peru"
inat_681204769.jpg,capivara,Hydrochoerus hydrochaeris,CC-BY-NC,"(c) Gremory fermán Shueman, some rights reserved (CC BY-NC)",https://www.inaturalist.org/observations/372772728,681204769,2026-06-17,"San Nicolás de Los Arroyos, Provincia de Buenos Aires, Argentina"
inat_680474930.jpg,capivara,Hydrochoerus hydrochaeris,CC-BY-NC,"(c) Ana Laura Campioto, some rights reserved (CC BY-NC)",https://www.inaturalist.org/observations/372392513,680474930,2026-06-12,"Teodoro Sampaio - SP, 19280-000, Brasil"
inat_679838430.jpg,capivara,Hydrochoerus hydrochaeris,CC-BY,"(c) yongestation, some rights reserved (CC BY)",https://www.inaturalist.org/observations/372064589,679838430,2026-06-15,"Cachoeiras de Macacu - State of Rio de Janeiro, 28680-000, Brazil"
inat_679339343.jpg,capivara,Hydrochoerus hydrochaeris,CC-BY-NC,"(c) FERNANDO CARLOS RAFFO, some rights reserved (CC BY-NC)",https://www.inaturalist.org/observations/371802639,679339343,2010-01-21,"Monte Caseros, Corrientes, Argentina"
inat_678658712.jpg,capivara,Hydrochoerus hydrochaeris,CC-BY-NC,"(c) Tomás Molina Ehrman, some rights reserved (CC BY-NC)",https://www.inaturalist.org/observations/371445962,678658712,2026-06-12,"Belgrano, Cdad. Autónoma de Buenos Aires, Argentina"
inat_678656342.jpg,capivara,Hydrochoerus hydrochaeris,CC-BY-NC,"(c) Tomás Molina Ehrman, some rights reserved (CC BY-NC)",https://www.inaturalist.org/observations/371444462,678656342,2026-06-12,"Belgrano, Cdad. Autónoma de Buenos Aires, Argentina"
inat_678478545.jpg,capivara,Hydrochoerus hydrochaeris,CC-BY,"(c) yongestation, some rights reserved (CC BY)",https://www.inaturalist.org/observations/371352732,678478545,2026-06-13,"Lagoa, Rio de Janeiro - State of Rio de Janeiro, Brazil"
inat_677569742.jpg,capivara,Hydrochoerus hydrochaeris,CC-BY-NC,"(c) Tomás Molina Ehrman, some rights reserved (CC BY-NC)",https://www.inaturalist.org/observations/370869179,677569742,2026-06-11,"Belgrano, Cdad. Autónoma de Buenos Aires, Argentina"
inat_677566650.jpg,capivara,Hydrochoerus hydrochaeris,CC-BY-NC,"(c) Tomás Molina Ehrman, some rights reserved (CC BY-NC)",https://www.inaturalist.org/observations/370868198,677566650,2026-06-11,"Belgrano, Cdad. Autónoma de Buenos Aires, Argentina"
inat_677557373.jpg,capivara,Hydrochoerus hydrochaeris,CC-BY-NC,"(c) Tomás Molina Ehrman, some rights reserved (CC BY-NC)",https://www.inaturalist.org/observations/370862416,677557373,2026-06-11,"Belgrano, Cdad. Autónoma de Buenos Aires, Argentina"
inat_677431908.jpg,capivara,Hydrochoerus hydrochaeris,CC-BY-NC,"(c) Tomás Molina Ehrman, some rights reserved (CC BY-NC)",https://www.inaturalist.org/observations/370798883,677431908,2026-06-11,"Belgrano, Cdad. Autónoma de Buenos Aires, Argentina"
inat_677431538.jpg,capivara,Hydrochoerus hydrochaeris,CC-BY-NC,"(c) Tomás Molina Ehrman, some rights reserved (CC BY-NC)",https://www.inaturalist.org/observations/370798710,677431538,2026-06-11,"Belgrano, Cdad. Autónoma de Buenos Aires, Argentina"
inat_675894404.jpg,capivara,Hydrochoerus hydrochaeris,CC-BY-NC,"(c) Aline Martinez, some rights reserved (CC BY-NC)",https://www.inaturalist.org/observations/369996152,675894404,2021-09-04,"Jardim Bela Vista, Três Lagoas - MS, Brasil"
inat_675631005.jpg,capivara,Hydrochoerus hydrochaeris,CC-BY-NC,"(c) Tomás Molina Ehrman, some rights reserved (CC BY-NC)",https://www.inaturalist.org/observations/369860099,675631005,2026-06-03,"Belgrano, Cdad. Autónoma de Buenos Aires, Argentina"
inat_675405486.jpg,capivara,Hydrochoerus hydrochaeris,CC-BY-NC,"(c) Tomás Molina Ehrman, some rights reserved (CC BY-NC)",https://www.inaturalist.org/observations/369741156,675405486,2026-06-04,"Belgrano, Cdad. Autónoma de Buenos Aires, Argentina"
inat_675398905.jpg,capivara,Hydrochoerus hydrochaeris,CC-BY-NC,"(c) Tomás Molina Ehrman, some rights reserved (CC BY-NC)",https://www.inaturalist.org/observations/369737949,675398905,2026-06-04,"Belgrano, Cdad. Autónoma de Buenos Aires, Argentina"
inat_675382538.jpg,capivara,Hydrochoerus hydrochaeris,CC-BY-NC,"(c) Tomás Molina Ehrman, some rights reserved (CC BY-NC)",https://www.inaturalist.org/observations/369728697,675382538,2026-06-04,"Belgrano, Cdad. Autónoma de Buenos Aires, Argentina"
inat_675098142.jpg,capivara,Hydrochoerus hydrochaeris,CC-BY-NC,"(c) Tomás Molina Ehrman, some rights reserved (CC BY-NC)",https://www.inaturalist.org/observations/369578553,675098142,2026-06-04,"Belgrano, Cdad. Autónoma de Buenos Aires, Argentina"
inat_675026075.jpg,capivara,Hydrochoerus hydrochaeris,CC-BY-NC,"(c) Tomás Molina Ehrman, some rights reserved (CC BY-NC)",https://www.inaturalist.org/observations/369543413,675026075,2026-06-03,"Belgrano, Cdad. Autónoma de Buenos Aires, Argentina"
inat_675016172.jpg,capivara,Hydrochoerus hydrochaeris,CC-BY-NC,"(c) Tomás Molina Ehrman, some rights reserved (CC BY-NC)",https://www.inaturalist.org/observations/369538143,675016172,2026-06-04,"Belgrano, Cdad. Autónoma de Buenos Aires, Argentina"
inat_674569699.jpg,capivara,Hydrochoerus hydrochaeris,CC-BY-NC,"(c) Beatriz Nascimento, some rights reserved (CC BY-NC)",https://www.inaturalist.org/observations/369299730,674569699,2026-06-06,"Norte (Aguas Claras), Brasília, DF, BR"
inat_674349562.jpg,capivara,Hydrochoerus hydrochaeris,CC-BY-NC,"(c) leojales, some rights reserved (CC BY-NC)",https://www.inaturalist.org/observations/369183358,674349562,2026-06-06,"Pavuna, Pacatuba - CE, 61800-000, Brasil"
inat_674081223.jpg,capivara,Hydrochoerus hydrochaeris,CC-BY-NC,"(c) Diego Gallotti, some rights reserved (CC BY-NC)",https://www.inaturalist.org/observations/369044804,674081223,2026-06-06,"Belgrano, Cdad. Autónoma de Buenos Aires, Argentina"
inat_672737730.jpg,capivara,Hydrochoerus hydrochaeris,CC-BY-NC,"(c) Tomás Molina Ehrman, some rights reserved (CC BY-NC)",https://www.inaturalist.org/observations/368335765,672737730,2026-06-03,"Belgrano, Cdad. Autónoma de Buenos Aires, Argentina"
inat_670489986.jpg,capivara,Hydrochoerus hydrochaeris,CC-BY-NC,"(c) Tomás Molina Ehrman, some rights reserved (CC BY-NC)",https://www.inaturalist.org/observations/367165895,670489986,2026-05-28,"Belgrano, Cdad. Autónoma de Buenos Aires, Argentina"
inat_670205097.jpg,capivara,Hydrochoerus hydrochaeris,CC-BY-NC,"(c) Matheus M. Santos, some rights reserved (CC BY-NC)",https://www.inaturalist.org/observations/367011050,670205097,2026-05-31,"City América, São Paulo - SP, 05147, Brasil"
inat_669678945.jpg,capivara,Hydrochoerus hydrochaeris,CC-BY-NC,"(c) Laura Paulucci, some rights reserved (CC BY-NC)",https://www.inaturalist.org/observations/366741015,669678945,2025-03-12,"Av. do Comando, s/nº - Campus do CTA, São José dos Campos - SP, 12209, Brasil"
inat_669056709.jpg,capivara,Hydrochoerus hydrochaeris,CC-BY-NC,"(c) Ricardo, some rights reserved (CC BY-NC)",https://www.inaturalist.org/observations/366412026,669056709,2026-05-09,"FR33+JQ, Col. Carlos Pellegrini, Corrientes, Argentina"
inat_667618831.jpg,capivara,Hydrochoerus hydrochaeris,CC-BY-NC,"(c) Ria Rio, some rights reserved (CC BY-NC)",https://www.inaturalist.org/observations/365653092,667618831,2017-07-21,"Guarulhos, SP, BR"
inat_666491179.jpg,capivara,Hydrochoerus hydrochaeris,CC-BY-NC,"(c) carmenoviedo, some rights reserved (CC BY-NC)",https://www.inaturalist.org/observations/365064847,666491179,2026-05-24,"Portal Norte Cambyreta - Parque Nacional Iberá, Ituzaingó, Corrientes, Argentina"
inat_666063311.jpg,capivara,Hydrochoerus hydrochaeris,CC-BY-NC,"(c) Davi Alencar, some rights reserved (CC BY-NC)",https://www.inaturalist.org/observations/364843599,666063311,2026-05-24,"Recife - PE, 52171, Brasil"
inat_665147754.jpg,capivara,Hydrochoerus hydrochaeris,CC-BY-NC,"(c) Iaritissa Almeida, some rights reserved (CC BY-NC)",https://www.inaturalist.org/observations/364358357,665147754,2026-05-23,"Paranaíta, MT, 78590-000, Brasil"
inat_664387080.jpg,capivara,Hydrochoerus hydrochaeris,CC-BY,"(c) André Ambrozio, some rights reserved (CC BY)",https://www.inaturalist.org/observations/363950241,664387080,2026-05-18,"Brasília, DF, BR"
inat_663430803.jpg,capivara,Hydrochoerus hydrochaeris,CC-BY-NC,"(c) jeanhampson, some rights reserved (CC BY-NC)",https://www.inaturalist.org/observations/363446150,663430803,2026-03-26,"Hato Corozal, Hato Corozal, Casanare, CO"
inat_663165562.jpg,capivara,Hydrochoerus hydrochaeris,CC-BY-NC,"(c) irislopes, some rights reserved (CC BY-NC)",https://www.inaturalist.org/observations/363301829,663165562,2026-05-19,"Avenida Senar Frederico Rocha, Santo Antônio De Pádua, RJ, BR"
inat_662857071.jpg,capivara,Hydrochoerus hydrochaeris,CC-BY-NC,"(c) Juan, some rights reserved (CC BY-NC)",https://www.inaturalist.org/observations/363144219,662857071,2026-01-11,"30000 Departamento de Lavalleja, Uruguay"
inat_662419663.jpg,capivara,Hydrochoerus hydrochaeris,CC-BY-NC,"(c) avisdentus, some rights reserved (CC BY-NC)",https://www.inaturalist.org/observations/362914018,662419663,2024-01-21,Jardim Botânico
inat_661302753.jpg,capivara,Hydrochoerus hydrochaeris,CC-BY,"(c) Miguel A. Paixão, some rights reserved (CC BY)",https://www.inaturalist.org/observations/362325077,661302753,2026-05-17,"Avenida Doutor Vicente Sanches, Itajubá, MG, BR"
inat_660339134.jpg,capivara,Hydrochoerus hydrochaeris,CC-BY-NC,"(c) Gabriell Baumgratz, some rights reserved (CC BY-NC)",https://www.inaturalist.org/observations/361817099,660339134,2026-01-02,"Lima Duarte - MG, 36140-000, Brasil"
inat_660335176.jpg,capivara,Hydrochoerus hydrochaeris,CC-BY-NC,"(c) Gabriell Baumgratz, some rights reserved (CC BY-NC)",https://www.inaturalist.org/observations/361814671,660335176,2025-12-22,"Lima Duarte - MG, 36140-000, Brasil"
inat_660326688.jpg,capivara,Hydrochoerus hydrochaeris,CC-BY-NC,"(c) Gabriell Baumgratz, some rights reserved (CC BY-NC)",https://www.inaturalist.org/observations/361809846,660326688,2026-02-18,"Lima Duarte - MG, 36140-000, Brasil"
inat_659453272.jpg,capivara,Hydrochoerus hydrochaeris,CC-BY-NC,"(c) Tomás Molina Ehrman, some rights reserved (CC BY-NC)",https://www.inaturalist.org/observations/361346735,659453272,2026-05-13,"Belgrano, Cdad. Autónoma de Buenos Aires, Argentina"
inat_659114594.jpg,capivara,Hydrochoerus hydrochaeris,CC-BY,"(c) Celso Henrique Varela Rios, some rights reserved (CC BY)",https://www.inaturalist.org/observations/361169598,659114594,2026-05-11,"5W8M+7Q - Jardim Santa Genebra, Campinas - SP, Brasil"
inat_658682122.jpg,capivara,Hydrochoerus hydrochaeris,CC-BY-NC,"(c) thiagosilva-soares, some rights reserved (CC BY-NC)",https://www.inaturalist.org/observations/360949962,658682122,2026-04-18,"Rocha, Uruguai"
inat_657616464.jpg,capivara,Hydrochoerus hydrochaeris,CC-BY-NC,"(c) Henrique F. Simões, some rights reserved (CC BY-NC)",https://www.inaturalist.org/observations/360400984,657616464,2026-04-22,"Lagoa do Taquaral, Campinas - SP, Brasil"
inat_655660460.jpg,capivara,Hydrochoerus hydrochaeris,CC-BY,"(c) Pablo H Capovilla, some rights reserved (CC BY)",https://www.inaturalist.org/observations/359368393,655660460,2026-05-03,"Mercedes, Corrientes, Argentina"
inat_655477902.jpg,capivara,Hydrochoerus hydrochaeris,CC-BY-NC,"(c) Juleseth, some rights reserved (CC BY-NC)",https://www.inaturalist.org/observations/359272335,655477902,2026-05-07,"17000, Peru"
inat_655127008.jpg,capivara,Hydrochoerus hydrochaeris,CC-BY-NC,"(c) frankgonza, some rights reserved (CC BY-NC)",https://www.inaturalist.org/observations/359085662,655127008,2024-11-16,"377H+29 Plaza Reserva Santiago, Mar del Plata, Provincia de Buenos Aires, Argentina"
inat_655009279.jpg,capivara,Hydrochoerus hydrochaeris,CC-BY-NC,"(c) J. A. Herrera, some rights reserved (CC BY-NC)",https://www.inaturalist.org/observations/359026369,655009279,2026-05-05,Itatiba
inat_654904406.jpg,capivara,Hydrochoerus hydrochaeris,CC-BY-NC,"(c) LARA ALVES CAMILO DA SILVA, some rights reserved (CC BY-NC)",https://www.inaturalist.org/observations/358972053,654904406,2026-05-06,"Ufrrj, Seropédica - RJ, 23890-000, Brasil"
inat_654583363.jpg,capivara,Hydrochoerus hydrochaeris,CC-BY-NC,"(c) Juleseth, some rights reserved (CC BY-NC)",https://www.inaturalist.org/observations/358801358,654583363,2026-05-05,"17001, Peru"
inat_654517048.jpg,capivara,Hydrochoerus hydrochaeris,CC-BY-NC,"(c) Tomás Molina Ehrman, some rights reserved (CC BY-NC)",https://www.inaturalist.org/observations/358768220,654517048,2026-04-30,"Belgrano, Cdad. Autónoma de Buenos Aires, Argentina"
inat_653543413.jpg,capivara,Hydrochoerus hydrochaeris,CC-BY-NC,"(c) Remco Hofland, some rights reserved (CC BY-NC)",https://www.inaturalist.org/observations/358265697,653543413,2026-02-23,"Colón Department, Entre Ríos Province, Argentina"
inat_651789887.jpg,capivara,Hydrochoerus hydrochaeris,CC-BY-NC,"(c) Tarcisio Pilati, some rights reserved (CC BY-NC)",https://www.inaturalist.org/observations/357362677,651789887,2026-05-01,"Av. Arruda Botelho, 684 - Alto de Pinheiros, São Paulo - SP, 05466-000, Brasil"
inat_651168833.jpg,capivara,Hydrochoerus hydrochaeris,CC-BY-NC,"(c) Thaís Bassos, some rights reserved (CC BY-NC)",https://www.inaturalist.org/observations/357045204,651168833,2020-08-09,"Rua Prof. Mello Moraes - Parada Poli-Mecânica - Butantã, São Paulo - SP, 05508-030, Brasil"
inat_647204583.jpg,capivara,Hydrochoerus hydrochaeris,CC-BY-NC,"(c) bia_gomes, some rights reserved (CC BY-NC)",https://www.inaturalist.org/observations/354804539,647204583,2026-01-27,"Bacaetava, Iperó - SP, 18560-000, Brasil"
inat_646030795.jpg,capivara,Hydrochoerus hydrochaeris,CC-BY-NC,"(c) Angel Párraga Ibañez, some rights reserved (CC BY-NC)",https://www.inaturalist.org/observations/354101572,646030795,2026-04-25,"536Q+3GC, Trinidad, Bolivia"
inat_645789017.jpg,capivara,Hydrochoerus hydrochaeris,CC-BY-NC,"(c) javier_beruhard, some rights reserved (CC BY-NC)",https://www.inaturalist.org/observations/353970921,645789017,2026-04-25,"Ensenada, Provincia de Buenos Aires, Argentina"
inat_645106581.jpg,capivara,Hydrochoerus hydrochaeris,CC-BY-NC,"(c) Erik Gabriel de Oliveira andrade, some rights reserved (CC BY-NC)",https://www.inaturalist.org/observations/353574579,645106581,2026-04-24,"Alameda dos Coqueiros - Dr. Lund, Lagoa Santa - MG, 33400-000, Brasil"
inat_644415699.jpg,capivara,Hydrochoerus hydrochaeris,CC-BY-NC,"(c) Nahuel, some rights reserved (CC BY-NC)",https://www.inaturalist.org/observations/353152609,644415699,2026-04-22,Reserva Ecológica Ciudad Universitaria-Costanera Norte
inat_641693486.jpg,capivara,Hydrochoerus hydrochaeris,CC-BY-NC,"(c) Maquiavel, some rights reserved (CC BY-NC)",https://www.inaturalist.org/observations/351622755,641693486,2026-04-19,"Encruzilhada de São João, Bezerros - PE, Brasil"
inat_640427616.jpg,capivara,Hydrochoerus hydrochaeris,CC-BY,"(c) Naelin, some rights reserved (CC BY)",https://www.inaturalist.org/observations/350998729,640427616,2026-04-18,"Vicente López Partido, Buenos Aires Province, Argentina"
inat_639816733.jpg,capivara,Hydrochoerus hydrochaeris,CC-BY-NC,"(c) Tomás Molina Ehrman, some rights reserved (CC BY-NC)",https://www.inaturalist.org/observations/350650257,639816733,2026-04-17,"Belgrano, Cdad. Autónoma de Buenos Aires, Argentina"
inat_639788768.jpg,capivara,Hydrochoerus hydrochaeris,CC-BY-SA,"(c) Carlos Henrique, some rights reserved (CC BY-SA)",https://www.inaturalist.org/observations/350636477,639788768,2026-04-17,"Recife - PE, 52171, Brasil"
inat_639652530.jpg,capivara,Hydrochoerus hydrochaeris,CC-BY-NC,"(c) Tomás Molina Ehrman, some rights reserved (CC BY-NC)",https://www.inaturalist.org/observations/350567054,639652530,2026-04-16,"Belgrano, Cdad. Autónoma de Buenos Aires, Argentina"
inat_639650848.jpg,capivara,Hydrochoerus hydrochaeris,CC-BY-NC,"(c) Tomás Molina Ehrman, some rights reserved (CC BY-NC)",https://www.inaturalist.org/observations/350566125,639650848,2026-04-16,"Belgrano, Cdad. Autónoma de Buenos Aires, Argentina"
inat_639650182.jpg,capivara,Hydrochoerus hydrochaeris,CC-BY-NC,"(c) Tomás Molina Ehrman, some rights reserved (CC BY-NC)",https://www.inaturalist.org/observations/350565924,639650182,2026-04-16,"Belgrano, Cdad. Autónoma de Buenos Aires, Argentina"
inat_639649591.jpg,capivara,Hydrochoerus hydrochaeris,CC-BY-NC,"(c) Tomás Molina Ehrman, some rights reserved (CC BY-NC)",https://www.inaturalist.org/observations/350565643,639649591,2026-04-16,"Belgrano, Cdad. Autónoma de Buenos Aires, Argentina"
inat_639643724.jpg,capivara,Hydrochoerus hydrochaeris,CC-BY-NC,"(c) Tomás Molina Ehrman, some rights reserved (CC BY-NC)",https://www.inaturalist.org/observations/350562542,639643724,2026-04-16,"Belgrano, Cdad. Autónoma de Buenos Aires, Argentina"
inat_639642436.jpg,capivara,Hydrochoerus hydrochaeris,CC-BY-NC,"(c) Tomás Molina Ehrman, some rights reserved (CC BY-NC)",https://www.inaturalist.org/observations/350562160,639642436,2026-04-16,"Belgrano, Cdad. Autónoma de Buenos Aires, Argentina"
inat_639640681.jpg,capivara,Hydrochoerus hydrochaeris,CC-BY-NC,"(c) Tomás Molina Ehrman, some rights reserved (CC BY-NC)",https://www.inaturalist.org/observations/350561100,639640681,2026-04-16,"Belgrano, Cdad. Autónoma de Buenos Aires, Argentina"
inat_639639104.jpg,capivara,Hydrochoerus hydrochaeris,CC-BY-NC,"(c) Tomás Molina Ehrman, some rights reserved (CC BY-NC)",https://www.inaturalist.org/observations/350560433,639639104,2026-04-16,"Belgrano, Cdad. Autónoma de Buenos Aires, Argentina"
inat_639634001.jpg,capivara,Hydrochoerus hydrochaeris,CC-BY-NC,"(c) Tomás Molina Ehrman, some rights reserved (CC BY-NC)",https://www.inaturalist.org/observations/350557834,639634001,2026-04-16,"Belgrano, Cdad. Autónoma de Buenos Aires, Argentina"
inat_638919041.jpg,capivara,Hydrochoerus hydrochaeris,CC-BY-NC,"(c) josmer, some rights reserved (CC BY-NC)",https://www.inaturalist.org/observations/350191220,638919041,2026-04-15,"Saravena, Saravena, Arauca, CO"
inat_637173313.jpg,capivara,Hydrochoerus hydrochaeris,CC-BY-NC,"(c) Yby Naturalista, some rights reserved (CC BY-NC)",https://www.inaturalist.org/observations/349312677,637173313,2026-04-12,YBY Natureza Condomínio Reserva
inat_637005944.jpg,capivara,Hydrochoerus hydrochaeris,CC-BY,"(c) Miguel A. Paixão, some rights reserved (CC BY)",https://www.inaturalist.org/observations/349214959,637005944,2026-04-12,"Avenida Doutor Antônio Braga Filho, Itajubá, MG, BR"
inat_636002666.jpg,capivara,Hydrochoerus hydrochaeris,CC-BY-NC,"(c) DIEGO NICOLAS DOMINGUEZ, some rights reserved (CC BY-NC)",https://www.inaturalist.org/observations/348702505,636002666,2026-04-09,"Utracán, La Pampa, Argentina"
inat_635496533.jpg,capivara,Hydrochoerus hydrochaeris,CC-BY-NC,"(c) leo, some rights reserved (CC BY-NC)",https://www.inaturalist.org/observations/348449371,635496533,2023-11-05,"Rodovia Admar Gonzaga / SC-404 - Itacorubi, Florianópolis - SC, 88034-000, Brasil"
inat_634459919.jpg,capivara,Hydrochoerus hydrochaeris,CC-BY-SA,"(c) Eduardo Gomyde, some rights reserved (CC BY-SA)",https://www.inaturalist.org/observations/347928000,634459919,2016-05-21,"Rua Campo das Palmas, 43 - Secção A, Holambra - SP, 13825-000, Brasil"
inat_633959504.jpg,capivara,Hydrochoerus hydrochaeris,CC-BY-NC,"(c) Ísis Meri Medri, some rights reserved (CC BY-NC)",https://www.inaturalist.org/observations/347676805,633959504,2026-01-11,"Parque do Ingá, Maringá - PR, Brasil"
inat_633177970.jpg,capivara,Hydrochoerus hydrochaeris,CC-BY-NC,"(c) My World of Bird Photography, some rights reserved (CC BY-NC)",https://www.inaturalist.org/observations/347280723,633177970,2022-09-29,"Yacyretá Island, 071906, Paraguay"
inat_632389952.jpg,capivara,Hydrochoerus hydrochaeris,CC-BY-NC,"(c) Daniel V. Acuña, some rights reserved (CC BY-NC)",https://www.inaturalist.org/observations/346886903,632389952,2026-04-02,"20200 Solís, Departamento de Maldonado, Uruguay"
inat_629995212.jpg,capivara,Hydrochoerus hydrochaeris,CC-BY-NC,"(c) Vargas, some rights reserved (CC BY-NC)",https://www.inaturalist.org/observations/345671149,629995212,2026-03-28,"Quitandinha, Duque de Caxias - RJ, 25651, Brasil"
inat_629798604.jpg,capivara,Hydrochoerus hydrochaeris,CC-BY,"(c) Cecilia Fer Díaz, some rights reserved (CC BY)",https://www.inaturalist.org/observations/345572820,629798604,2026-03-23,"Capital, Misiones, Argentina"
inat_628967438.jpg,capivara,Hydrochoerus hydrochaeris,CC-BY-NC,"(c) François Dubois, some rights reserved (CC BY-NC)",https://www.inaturalist.org/observations/345153735,628967438,2006-02-01,"Rest of Region 10, GY-UD, GY"
inat_628720540.jpg,capivara,Hydrochoerus hydrochaeris,CC-BY-NC,"(c) Tomás Molina Ehrman, some rights reserved (CC BY-NC)",https://www.inaturalist.org/observations/345025728,628720540,2026-03-20,"Reserva Ecológica Ciudad Universitaria-Costanera Norte, Intendente Güiraldes 2160, Buenos Aires, C1704 Cdad. Autónoma de Buenos Aires, Argentina"
inat_628502472.jpg,capivara,Hydrochoerus hydrochaeris,CC-BY-NC,"(c) Tomás Molina Ehrman, some rights reserved (CC BY-NC)",https://www.inaturalist.org/observations/344915677,628502472,2026-03-22,"Reserva Ecológica Ciudad Universitaria-Costanera Norte, Intendente Güiraldes 2160, Buenos Aires, C1704 Cdad. Autónoma de Buenos Aires, Argentina"
inat_628236632.jpg,capivara,Hydrochoerus hydrochaeris,CC-BY-SA,"(c) Giovanna Roque de Castro, some rights reserved (CC BY-SA)",https://www.inaturalist.org/observations/344777573,628236632,2026-03-23,"Av. Visc. do Rio Branco, 614-724 - São Domingos, Niterói - RJ, 24210-200, Brasil"
inat_626731203.jpg,capivara,Hydrochoerus hydrochaeris,CC-BY-NC,"(c) juliaabbehusen, some rights reserved (CC BY-NC)",https://www.inaturalist.org/observations/344000112,626731203,2025-04-10,"SCES Trecho 2, Brasília, DF, BR"
inat_626220569.jpg,capivara,Hydrochoerus hydrochaeris,CC-BY-NC,"(c) Valeria Vieira, some rights reserved (CC BY-NC)",https://www.inaturalist.org/observations/343739651,626220569,2026-02-17,"Av. Roraima nº 1000 Cidade Universitária Bairro - Camobi, Santa Maria - RS, 97105-900, Brasil"
inat_625097187.jpg,capivara,Hydrochoerus hydrochaeris,CC-BY-NC,"(c) Daniel Neves, some rights reserved (CC BY-NC)",https://www.inaturalist.org/observations/343189942,625097187,2026-03-15,"Av. Jorge Curi, 550 - Bloco A - sala 359 - Americas Medical City - Barra da Tijuca, Rio de Janeiro - RJ, 22793-334, Brasil"
inat_624845910.jpg,capivara,Hydrochoerus hydrochaeris,CC-BY-NC,"(c) Rafael Costa, some rights reserved (CC BY-NC)",https://www.inaturalist.org/observations/343064669,624845910,2025-12-01,"GHR7+XH - Universitário, Belém - PA, 66077, Brasil"
inat_624756801.jpg,capivara,Hydrochoerus hydrochaeris,CC-BY-NC,"(c) Tomás Molina Ehrman, some rights reserved (CC BY-NC)",https://www.inaturalist.org/observations/343022035,624756801,2026-03-14,"Belgrano, Cdad. Autónoma de Buenos Aires, Argentina"
inat_732440826.jpg,cachorro_do_mato,Cerdocyon thous,CC-BY-NC,"(c) João Vitor, some rights reserved (CC BY-NC)",https://www.inaturalist.org/observations/399228154,732440826,2026-09-11,"Canaã, Maceió - AL, Brasil"
inat_732177001.jpg,cachorro_do_mato,Cerdocyon thous,CC-BY-NC,"(c) Javier A. Canteros, some rights reserved (CC BY-NC)",https://www.inaturalist.org/observations/399123246,732177001,2017-04-13,Parque N. El Palmar
inat_731620958.jpg,cachorro_do_mato,Cerdocyon thous,CC-BY,"(c) Marcello Mastroianni Albuquerque Araújo, some rights reserved (CC BY)",https://www.inaturalist.org/observations/398806429,731620958,2026-09-04,"Ponta de Pedras, Goiana - PE, Brasil"
inat_731036590.jpg,cachorro_do_mato,Cerdocyon thous,CC-BY,"(c) Marcello Mastroianni Albuquerque Araújo, some rights reserved (CC BY)",https://www.inaturalist.org/observations/398507816,731036590,2026-08-16,"Jaguaribe, Paulista - PE, Brasil"
inat_730662908.jpg,cachorro_do_mato,Cerdocyon thous,CC-BY,"(c) Thomaz de Carvalho Callado, some rights reserved (CC BY)",https://www.inaturalist.org/observations/398315763,730662908,2026-08-13,"Pocinhos - PB, Brasil"
inat_729919789.jpg,cachorro_do_mato,Cerdocyon thous,CC-BY,"(c) Marcello Mastroianni Albuquerque Araújo, some rights reserved (CC BY)",https://www.inaturalist.org/observations/397936204,729919789,2026-08-22,"Pará, Santa Cruz do Capibaribe - PE, 55190-000, Brasil"
inat_729919181.jpg,cachorro_do_mato,Cerdocyon thous,CC-BY,"(c) Marcello Mastroianni Albuquerque Araújo, some rights reserved (CC BY)",https://www.inaturalist.org/observations/397935912,729919181,2026-08-22,"Pará, Santa Cruz do Capibaribe - PE, 55190-000, Brasil"
inat_728531818.jpg,cachorro_do_mato,Cerdocyon thous,CC-BY-NC,"(c) Wes Sechrest, some rights reserved (CC BY-NC)",https://www.inaturalist.org/observations/397225883,728531818,2026-08-30,"Aquidauana, MS, BR"
inat_727857928.jpg,cachorro_do_mato,Cerdocyon thous,CC-BY-NC,"(c) Carlos A. T. Dias, some rights reserved (CC BY-NC)",https://www.inaturalist.org/observations/396878040,727857928,2026-09-03,"Icó, CE, Brasil"
inat_727750542.jpg,cachorro_do_mato,Cerdocyon thous,CC-BY-NC,"(c) Diário_selvagem!l, some rights reserved (CC BY-NC)",https://www.inaturalist.org/observations/396824857,727750542,2026-07-30,"Santa Cruz da Estrela, Santa Rita do Passa Quatro - SP, 13670-000, Brasil"
inat_727165325.jpg,cachorro_do_mato,Cerdocyon thous,CC-BY-NC,"(c) Juleseth, some rights reserved (CC BY-NC)",https://www.inaturalist.org/observations/396519829,727165325,2026-09-01,"Poconé, MT, 78175-000, Brazil"
inat_727079276.jpg,cachorro_do_mato,Cerdocyon thous,CC-BY,"(c) Marcello Mastroianni Albuquerque Araújo, some rights reserved (CC BY)",https://www.inaturalist.org/observations/396476363,727079276,2026-08-13,"Jaguaribe, Paulista - PE, Brasil"
inat_724476664.jpg,cachorro_do_mato,Cerdocyon thous,CC-BY-NC,"(c) Josimar Goulart, some rights reserved (CC BY-NC)",https://www.inaturalist.org/observations/395131227,724476664,2026-05-08,"Santa Cruz de Salinas, MG, Brasil"
inat_723852726.jpg,cachorro_do_mato,Cerdocyon thous,CC-BY-NC,"(c) marciovarchaki, some rights reserved (CC BY-NC)",https://www.inaturalist.org/observations/394818330,723852726,2024-02-24,"Santa Catarina, BR"
inat_723489006.jpg,cachorro_do_mato,Cerdocyon thous,CC-BY,"(c) Marcello Mastroianni Albuquerque Araújo, some rights reserved (CC BY)",https://www.inaturalist.org/observations/394629731,723489006,2026-07-23,"Sítio dos Nunes, Flores - PE, Brasil"
inat_723488751.jpg,cachorro_do_mato,Cerdocyon thous,CC-BY,"(c) Marcello Mastroianni Albuquerque Araújo, some rights reserved (CC BY)",https://www.inaturalist.org/observations/394629623,723488751,2026-07-23,"Sítio dos Nunes, Flores - PE, Brasil"
inat_722486794.jpg,cachorro_do_mato,Cerdocyon thous,CC-BY-NC,"(c) Renata Mello, some rights reserved (CC BY-NC)",https://www.inaturalist.org/observations/394119030,722486794,2026-08-12,"Além Paraíba, MG, 36660-000, Brasil"
inat_720431592.jpg,cachorro_do_mato,Cerdocyon thous,CC-BY-NC,"(c) edaphos1992, some rights reserved (CC BY-NC)",https://www.inaturalist.org/observations/393071920,720431592,2026-08-20,"RN 168, La Capital, Santa Fe, Argentina"
inat_719624950.jpg,cachorro_do_mato,Cerdocyon thous,CC-BY-NC,"(c) Nereston (Nelinho) Camargo, some rights reserved (CC BY-NC)",https://www.inaturalist.org/observations/392660070,719624950,2026-08-17,"Parauapebas - PA, 68515-000, Brasil"
inat_719571391.jpg,cachorro_do_mato,Cerdocyon thous,CC-BY-NC,"(c) Steve Bentsen, some rights reserved (CC BY-NC)",https://www.inaturalist.org/observations/392630279,719571391,2026-08-01,"Porto Jofre - Poconé, State of Mato Grosso, 78175-000, Brazil"
inat_719269620.jpg,cachorro_do_mato,Cerdocyon thous,CC-BY,"(c) Thomaz de Carvalho Callado, some rights reserved (CC BY)",https://www.inaturalist.org/observations/392479440,719269620,2026-04-13,"São Bento do Norte - RN, Brasil"
inat_719241778.jpg,cachorro_do_mato,Cerdocyon thous,CC-BY-NC,"(c) Jason Leifester, some rights reserved (CC BY-NC)",https://www.inaturalist.org/observations/392462700,719241778,2015-08-28,"Poconé - State of Mato Grosso, 78175-000, Brazil"
inat_719116026.jpg,cachorro_do_mato,Cerdocyon thous,CC-BY,"(c) Marcello Mastroianni Albuquerque Araújo, some rights reserved (CC BY)",https://www.inaturalist.org/observations/392398261,719116026,2026-07-20,"Custódia, PE, 56640-000, Brasil"
inat_719087709.jpg,cachorro_do_mato,Cerdocyon thous,CC-BY-NC,"(c) Nicola Marchioli, some rights reserved (CC BY-NC)",https://www.inaturalist.org/observations/392383324,719087709,2026-07-22,"Pantanal, Poconé - Mato Grosso, 78175-000, Brasile"
inat_718774418.jpg,cachorro_do_mato,Cerdocyon thous,CC-BY-NC,"(c) Don Marsille, some rights reserved (CC BY-NC)",https://www.inaturalist.org/observations/392228614,718774418,2026-08-09,"Poconé - State of Mato Grosso, 78175-000, Brazil"
inat_715942660.jpg,cachorro_do_mato,Cerdocyon thous,CC-BY-NC,"(c) Gabriel Alves, some rights reserved (CC BY-NC)",https://www.inaturalist.org/observations/390765640,715942660,2026-08-12,"Avenida Santana, 55 - Nova Gardênia, Atibaia - SP, 12946-706, Brasil"
inat_715644674.jpg,cachorro_do_mato,Cerdocyon thous,CC-BY-NC,"(c) Bruno Arantes, some rights reserved (CC BY-NC)",https://www.inaturalist.org/observations/390614422,715644674,2026-06-06,"Vale Pinheiros, São Lourenço, MG, BR"
inat_715164587.jpg,cachorro_do_mato,Cerdocyon thous,CC-BY-NC,"(c) Isac Menezes, some rights reserved (CC BY-NC)",https://www.inaturalist.org/observations/390368818,715164587,2026-07-26,"Coqueiro, São Bernardo - MA, 65550-000, Brasil"
inat_715163923.jpg,cachorro_do_mato,Cerdocyon thous,CC-BY-NC,"(c) Isac Menezes, some rights reserved (CC BY-NC)",https://www.inaturalist.org/observations/390368817,715163923,2026-07-26,"Coqueiro, São Bernardo - MA, 65550-000, Brasil"
inat_713946818.jpg,cachorro_do_mato,Cerdocyon thous,CC-BY-NC,"(c) Paulo Fagundes, some rights reserved (CC BY-NC)",https://www.inaturalist.org/observations/389749449,713946818,2024-06-30,"Mongaguá - SP, 11730-000, Brasil"
inat_711768207.jpg,cachorro_do_mato,Cerdocyon thous,CC-BY-NC,"(c) Juleseth, some rights reserved (CC BY-NC)",https://www.inaturalist.org/observations/388616395,711768207,2026-08-05,"27000 Rocha, Rocha Department, Uruguay"
inat_711555303.jpg,cachorro_do_mato,Cerdocyon thous,CC-BY-NC,"(c) Nicola Marchioli, some rights reserved (CC BY-NC)",https://www.inaturalist.org/observations/388508491,711555303,2026-07-21,"Pantanal, Poconé - Mato Grosso, 78175-000, Brasile"
inat_710322961.jpg,cachorro_do_mato,Cerdocyon thous,CC-BY-NC,"(c) KENNEDY BORGES, some rights reserved (CC BY-NC)",https://www.inaturalist.org/observations/387881090,710322961,2022-08-30,"Chapadão do Céu - GO, 75828-000, Brasil"
inat_710285248.jpg,cachorro_do_mato,Cerdocyon thous,CC-BY-NC,"(c) Nicola Marchioli, some rights reserved (CC BY-NC)",https://www.inaturalist.org/observations/387862656,710285248,2026-07-21,"Pantanal, Poconé - Mato Grosso, 78175-000, Brasile"
inat_710106678.jpg,cachorro_do_mato,Cerdocyon thous,CC-BY-NC,"(c) Roberto De Oliveira Silva, some rights reserved (CC BY-NC)",https://www.inaturalist.org/observations/387770342,710106678,2026-08-02,"Sooretama, ES, 29927-000, Brasil"
inat_709999563.jpg,cachorro_do_mato,Cerdocyon thous,CC-BY-NC,"(c) marley_lavor, some rights reserved (CC BY-NC)",https://www.inaturalist.org/observations/387716410,709999563,2026-08-02,"Rua Helena Santana Pereira, 249 - Conj. Nova Republica, João Pessoa - PB, 58076-632, Brasil"
inat_708811477.jpg,cachorro_do_mato,Cerdocyon thous,CC-BY-SA,"(c) Patrícia Hanate, some rights reserved (CC BY-SA)",https://www.inaturalist.org/observations/387100676,708811477,2026-07-19,"Alta Floresta - MT, 78580-000, Brasil"
inat_706959098.jpg,cachorro_do_mato,Cerdocyon thous,CC-BY-NC,"(c) claudiameyer, some rights reserved (CC BY-NC)",https://www.inaturalist.org/observations/386130482,706959098,2026-07-23,"Linhares, ES, Brasil"
inat_705397890.jpg,cachorro_do_mato,Cerdocyon thous,CC-BY-NC,"(c) Mary Kimberly, some rights reserved (CC BY-NC)",https://www.inaturalist.org/observations/385318676,705397890,2026-07-12,"Aquidauana, MS, BR"
inat_703934377.jpg,cachorro_do_mato,Cerdocyon thous,CC-BY-NC,"(c) Guilherme cassemiro, some rights reserved (CC BY-NC)",https://www.inaturalist.org/observations/384545631,703934377,2026-02-12,"Mestre Ioviniano - Jardim Botânico, Rio de Janeiro - RJ, 22460-030, Brasil"
inat_703929831.jpg,cachorro_do_mato,Cerdocyon thous,CC-BY-NC,"(c) Maria Eduarda Pralon, some rights reserved (CC BY-NC)",https://www.inaturalist.org/observations/384543335,703929831,2026-07-20,"Pirassununga, SP, 13637, Brasil"
inat_703421135.jpg,cachorro_do_mato,Cerdocyon thous,CC-BY-NC,"(c) Bruno Silva, some rights reserved (CC BY-NC)",https://www.inaturalist.org/observations/384282164,703421135,2026-07-20,"Estrada para Felício dos Santos, Rio Vermelho, MG, BR"
inat_702548257.jpg,cachorro_do_mato,Cerdocyon thous,CC-BY-NC,"(c) Nathália Las-Casas, some rights reserved (CC BY-NC)",https://www.inaturalist.org/observations/383829868,702548257,2026-07-21,"Rua Gustavo Lira, São João, Volta Redonda - Rio de Janeiro, 27225, Brasil - São João, Volta Redonda - RJ, 27253-280, Brasile"
inat_701695961.jpg,cachorro_do_mato,Cerdocyon thous,CC-BY-NC,"(c) Patrick HAFFNER, some rights reserved (CC BY-NC)",https://www.inaturalist.org/observations/383390420,701695961,2024-09-15,"Poconé - State of Mato Grosso, 78175-000, Brésil"
inat_701180320.jpg,cachorro_do_mato,Cerdocyon thous,CC-BY,"(c) Pedro Henrique Maloso Ramos, some rights reserved (CC BY)",https://www.inaturalist.org/observations/383121237,701180320,2026-07-16,"Estr. Vale da Estação - Isabel, Domingos Martins - ES, 29260-000, Brasil"
inat_701115597.jpg,cachorro_do_mato,Cerdocyon thous,CC-BY,"(c) filipeprates, some rights reserved (CC BY)",https://www.inaturalist.org/observations/383094585,701115597,2026-07-14,"Poconé - MT, 78175-000, Brasil"
inat_700823856.jpg,cachorro_do_mato,Cerdocyon thous,CC-BY-NC,"(c) Danilo Vieira, some rights reserved (CC BY-NC)",https://www.inaturalist.org/observations/382933050,700823856,2026-07-19,"Uberlândia, MG, Brasil"
inat_700485110.jpg,cachorro_do_mato,Cerdocyon thous,CC0,no rights reserved,https://www.inaturalist.org/observations/382759371,700485110,2026-07-11,"Itatiaia - State of Rio de Janeiro, Brazil"
inat_700470676.jpg,cachorro_do_mato,Cerdocyon thous,CC0,no rights reserved,https://www.inaturalist.org/observations/382751290,700470676,2026-07-18,"Poconé, MT, 78175-000, Brazil"
inat_700032984.jpg,cachorro_do_mato,Cerdocyon thous,CC-BY-NC,"(c) Eglesson Eduardo, some rights reserved (CC BY-NC)",https://www.inaturalist.org/observations/382520726,700032984,2026-07-17,"São Cristóvão, SE, BR"
inat_699815770.jpg,cachorro_do_mato,Cerdocyon thous,CC-BY-NC,"(c) edaphos1992, some rights reserved (CC BY-NC)",https://www.inaturalist.org/observations/382410949,699815770,2026-07-17,"Paraná, Entre Ríos, Argentina"
inat_698862696.jpg,cachorro_do_mato,Cerdocyon thous,CC0,no rights reserved,https://www.inaturalist.org/observations/381910425,698862696,2026-07-15,"Poconé, MT, 78175-000, Brasilien"
inat_697429451.jpg,cachorro_do_mato,Cerdocyon thous,CC-BY-NC,"(c) Patrick HAFFNER, some rights reserved (CC BY-NC)",https://www.inaturalist.org/observations/381180818,697429451,2024-09-14,"Poconé - State of Mato Grosso, 78175-000, Brésil"
inat_697347529.jpg,cachorro_do_mato,Cerdocyon thous,CC-BY-NC,"(c) danisergio, some rights reserved (CC BY-NC)",https://www.inaturalist.org/observations/381133739,697347529,2026-07-12,"panambí, Oberá, Misiones, Argentina"
inat_696464916.jpg,cachorro_do_mato,Cerdocyon thous,CC-BY-NC,"(c) Homo paraguayensis, some rights reserved (CC BY-NC)",https://www.inaturalist.org/observations/380854460,696464916,2025-09-16,"Campo Grande, Luque, Paraguay"
inat_693959293.jpg,cachorro_do_mato,Cerdocyon thous,CC-BY-SA,"(c) Francisco V. Bezerra Neto, some rights reserved (CC BY-SA)",https://www.inaturalist.org/observations/379383762,693959293,2026-04-14,"Arinos - MG, 38680-000, Brasil"
inat_693298813.jpg,cachorro_do_mato,Cerdocyon thous,CC-BY-NC,"(c) Thiago de Freitas Cordeiro, some rights reserved (CC BY-NC)",https://www.inaturalist.org/observations/379037809,693298813,2026-07-01,Parque das Dunas - Bosque dos Namorados
inat_693105860.jpg,cachorro_do_mato,Cerdocyon thous,CC-BY-NC,"(c) Fernando Rodrigues | Biólogo., some rights reserved (CC BY-NC)",https://www.inaturalist.org/observations/378940302,693105860,2026-07-01,"Mg-424 Matozinhos - Minas Gerais Brasil - Progresso, Matozinhos - MG, 35720-000, Brasil"
inat_692806711.jpg,cachorro_do_mato,Cerdocyon thous,CC-BY-NC,"(c) Brandon Hawn, some rights reserved (CC BY-NC)",https://www.inaturalist.org/observations/378788287,692806711,2026-06-30,"Rocha Department, Uruguay"
inat_692740379.jpg,cachorro_do_mato,Cerdocyon thous,CC-BY-NC,"(c) Savimbo, some rights reserved (CC BY-NC)",https://www.inaturalist.org/observations/378751612,692740379,2026-06-06,"Lago Agrio Canton, Ecuador"
inat_692149532.jpg,cachorro_do_mato,Cerdocyon thous,CC-BY-SA,"(c) Wallace Carneiro Almeida, some rights reserved (CC BY-SA)",https://www.inaturalist.org/observations/378447538,692149532,2026-07-02,Chácara SantaClara - Brasília - DF
inat_689681671.jpg,cachorro_do_mato,Cerdocyon thous,CC-BY-NC,"(c) emanoellee, some rights reserved (CC BY-NC)",https://www.inaturalist.org/observations/377167110,689681671,2026-06-17,"Garuva - SC, 89248-000, Brasil"
inat_688569198.jpg,cachorro_do_mato,Cerdocyon thous,CC-BY-NC,"(c) juanandrulakis, some rights reserved (CC BY-NC)",https://www.inaturalist.org/observations/376591086,688569198,2026-06-25,"Vilhena, BR-RO, BR"
inat_688144013.jpg,cachorro_do_mato,Cerdocyon thous,CC-BY-SA,"(c) Miguel, some rights reserved (CC BY-SA)",https://www.inaturalist.org/observations/376372365,688144013,2026-06-26,"Bertioga - SP, 11250-000, Brasil"
inat_687963817.jpg,cachorro_do_mato,Cerdocyon thous,CC-BY-NC,"(c) Anartia-Natural, some rights reserved (CC BY-NC)",https://www.inaturalist.org/observations/376277535,687963817,2026-06-28,"Montería, CO-CO, CO"
inat_687191059.jpg,cachorro_do_mato,Cerdocyon thous,CC-BY-NC,"(c) Camila Piazzoli, some rights reserved (CC BY-NC)",https://www.inaturalist.org/observations/375874286,687191059,2026-06-22,"Rodovia Jacob Westrup, Maracajá, SC, BR"
inat_684395909.jpg,cachorro_do_mato,Cerdocyon thous,CC-BY,"(c) Nicolas Olejnik, some rights reserved (CC BY)",https://www.inaturalist.org/observations/374437419,684395909,2026-06-13,"Poconé - State of Mato Grosso, 78175-000, Brazil"
inat_684220876.jpg,cachorro_do_mato,Cerdocyon thous,CC-BY,"(c) Gabriel Augusto Faria, some rights reserved (CC BY)",https://www.inaturalist.org/observations/374345954,684220876,2026-06-17,"HMW8+VJ, Ilha Solteira - SP, 15385-000, Brasil"
inat_683714469.jpg,cachorro_do_mato,Cerdocyon thous,CC-BY-NC,"(c) Maurício Bonesso Sampaio, some rights reserved (CC BY-NC)",https://www.inaturalist.org/observations/374087645,683714469,2026-04-12,"Florianópolis, SC, Brasil"
inat_682396153.jpg,cachorro_do_mato,Cerdocyon thous,CC-BY-NC,"(c) Daniel Lucas Oliver, some rights reserved (CC BY-NC)",https://www.inaturalist.org/observations/373397965,682396153,2026-06-19,"Pacoti, BR-CE, BR"
inat_681807265.jpg,cachorro_do_mato,Cerdocyon thous,CC-BY-NC,"(c) Marcelo Renan de Deus Santos, some rights reserved (CC BY-NC)",https://www.inaturalist.org/observations/373090020,681807265,2026-06-01,"Venda Nova do Imigrante, ES, 29375-000, Brasil"
inat_681248725.jpg,cachorro_do_mato,Cerdocyon thous,CC-BY-NC,"(c) Henrik Bjerresø, some rights reserved (CC BY-NC)",https://www.inaturalist.org/observations/372795098,681248725,2026-06-17,"Poconé, MT, 78175-000, Brasilien"
inat_681027027.jpg,cachorro_do_mato,Cerdocyon thous,CC-BY-NC,"(c) Will_K, some rights reserved (CC BY-NC)",https://www.inaturalist.org/observations/372681697,681027027,2026-06-16,"Poconé - State of Mato Grosso, 78175-000, Brazil"
inat_680064461.jpg,cachorro_do_mato,Cerdocyon thous,CC-BY-NC,"(c) Henrik Bjerresø, some rights reserved (CC BY-NC)",https://www.inaturalist.org/observations/372175006,680064461,2026-06-15,"Poconé, MT, 78175-000, Brasilien"
inat_678586827.jpg,cachorro_do_mato,Cerdocyon thous,CC-BY-NC,"(c) Damian I Rumiz, some rights reserved (CC BY-NC)",https://www.inaturalist.org/observations/371409344,678586827,2005-08-27,"Ñuflo de Chávez, Bolivia"
inat_678453562.jpg,cachorro_do_mato,Cerdocyon thous,CC-BY-NC,"(c) philippeloyoddin, some rights reserved (CC BY-NC)",https://www.inaturalist.org/observations/371338212,678453562,2022-08-16,"Chapada Dos Guimarães, MT, BR"
inat_677150106.jpg,cachorro_do_mato,Cerdocyon thous,CC-BY-NC,"(c) bhaalzebath, some rights reserved (CC BY-NC)",https://www.inaturalist.org/observations/370656408,677150106,2026-05-16,"Bom Retiro, Blumenau - SC, Brasil"
inat_677072524.jpg,cachorro_do_mato,Cerdocyon thous,CC-BY,"(c) Daniel Duarte, some rights reserved (CC BY)",https://www.inaturalist.org/observations/370617626,677072524,2026-06-07,"Itatiaia - RJ, Brasil"
inat_676899601.jpg,cachorro_do_mato,Cerdocyon thous,CC-BY-NC,"(c) Mahelen, some rights reserved (CC BY-NC)",https://www.inaturalist.org/observations/370526567,676899601,2026-01-02,"Mampituba - RS, 95572-000, Brasil"
inat_676638416.jpg,cachorro_do_mato,Cerdocyon thous,CC-BY-NC,"(c) FERNANDO CARLOS RAFFO, some rights reserved (CC BY-NC)",https://www.inaturalist.org/observations/370387722,676638416,2026-06-10,"Gualeguaychú, Entre Ríos, Argentina"
inat_676602017.jpg,cachorro_do_mato,Cerdocyon thous,CC-BY-NC,"(c) joaorodsilva, some rights reserved (CC BY-NC)",https://www.inaturalist.org/observations/370367085,676602017,2026-04-15,"Serra Azul - SP, 14230-000, Brasil"
inat_676366263.jpg,cachorro_do_mato,Cerdocyon thous,CC0,no rights reserved,https://www.inaturalist.org/observations/370240432,676366263,2017-03-23,"Atibaia - State of São Paulo, Brazil"
inat_676082487.jpg,cachorro_do_mato,Cerdocyon thous,CC-BY-NC,"(c) crocattackdatabase, some rights reserved (CC BY-NC)",https://www.inaturalist.org/observations/370097248,676082487,2008-10-18,"Poconé - State of Mato Grosso, 78175-000, Brazil"
inat_676081609.jpg,cachorro_do_mato,Cerdocyon thous,CC-BY-NC,"(c) crocattackdatabase, some rights reserved (CC BY-NC)",https://www.inaturalist.org/observations/370097237,676081609,2009-11-10,"Poconé - State of Mato Grosso, 78175-000, Brazil"
inat_675746831.jpg,cachorro_do_mato,Cerdocyon thous,CC-BY-NC,"(c) Ronaldo Garcia, some rights reserved (CC BY-NC)",https://www.inaturalist.org/observations/369918124,675746831,2026-06-05,"Parque Nacional da Serra da Canastra - MG-341, São Roque de Minas - MG, 37928-000, Brasil"
inat_675368835.jpg,cachorro_do_mato,Cerdocyon thous,CC0,no rights reserved,https://www.inaturalist.org/observations/369481981,675368835,2026-06-07,"Imbituva, PR, Brasil"
inat_674859661.jpg,cachorro_do_mato,Cerdocyon thous,CC-BY-NC,"(c) Maria Rayslane Domingos, some rights reserved (CC BY-NC)",https://www.inaturalist.org/observations/369456180,674859661,2026-04-09,"Rua Alwin Beckmann, Blumenau, SC, BR"
inat_674716304.jpg,cachorro_do_mato,Cerdocyon thous,CC-BY-NC,"(c) mauricio bisker finkelstein, some rights reserved (CC BY-NC)",https://www.inaturalist.org/observations/369378769,674716304,2026-06-07,
inat_674288244.jpg,cachorro_do_mato,Cerdocyon thous,CC-BY-NC,"(c) Rafael Antunes Dias, some rights reserved (CC BY-NC)",https://www.inaturalist.org/observations/369151689,674288244,2026-06-06,"Unidade Censitária 38 - Rio Grande, RS, Brasil"
inat_674140837.jpg,cachorro_do_mato,Cerdocyon thous,CC-BY-NC,"(c) brunapaino, some rights reserved (CC BY-NC)",https://www.inaturalist.org/observations/369075776,674140837,2026-06-05,"Parelheiros, São Paulo - SP, 04883, Brasil"
inat_673605591.jpg,cachorro_do_mato,Cerdocyon thous,CC-BY,"(c) João Vitor Oliveira de Souza, some rights reserved (CC BY)",https://www.inaturalist.org/observations/368789873,673605591,2026-06-04,"Álvaro de Carvalho - State of São Paulo, 17410-000, Brazil"
inat_673409408.jpg,cachorro_do_mato,Cerdocyon thous,CC-BY-NC,"(c) luchiangel, some rights reserved (CC BY-NC)",https://www.inaturalist.org/observations/368688725,673409408,2025-01-01,"Calle 138 Bis, Bogotá, Bogotá, CO"
inat_673002201.jpg,cachorro_do_mato,Cerdocyon thous,CC-BY,"(c) Daniel Duarte, some rights reserved (CC BY)",https://www.inaturalist.org/observations/368472012,673002201,2026-06-03,"Avenida Penedo 5, Itatiaia - Rio de Janeiro, 27598, Brasil - Penedo, Itatiaia - RJ, 27580-000, Brasil"
inat_670920780.jpg,cachorro_do_mato,Cerdocyon thous,CC-BY-NC,"(c) Ana Paula Campos, some rights reserved (CC BY-NC)",https://www.inaturalist.org/observations/367385348,670920780,2026-05-29,"RJ158, Itaocara, RJ, BR"
inat_670644496.jpg,cachorro_do_mato,Cerdocyon thous,CC-BY-NC,"(c) antonioapr, some rights reserved (CC BY-NC)",https://www.inaturalist.org/observations/367245833,670644496,2026-03-07,"Dr. Ricardo - RS, Brasil"
inat_669753450.jpg,cachorro_do_mato,Cerdocyon thous,CC-BY,"(c) Thomaz de Carvalho Callado, some rights reserved (CC BY)",https://www.inaturalist.org/observations/366787227,669753450,2026-04-08,"São Bento do Norte - RN, Brasil"
inat_668161852.jpg,cachorro_do_mato,Cerdocyon thous,CC-BY-NC,"(c) Robin Heymans, some rights reserved (CC BY-NC)",https://www.inaturalist.org/observations/365940588,668161852,2026-04-18,"Parauapebas - Pará, 68515-000, Brésil"
inat_667719183.jpg,cachorro_do_mato,Cerdocyon thous,CC-BY-NC,"(c) Mário José Nunes de Souza, some rights reserved (CC BY-NC)",https://www.inaturalist.org/observations/365709442,667719183,2026-05-22,"Cananéia - SP, 11990-000, Brasil"
inat_667317933.jpg,cachorro_do_mato,Cerdocyon thous,CC-BY-NC,"(c) marcoseugenio, some rights reserved (CC BY-NC)",https://www.inaturalist.org/observations/365498570,667317933,2022-10-21,"Poconé - State of Mato Grosso, 78175-000, Brazil - SouthWild Pantanal Lodge"
inat_667316212.jpg,cachorro_do_mato,Cerdocyon thous,CC-BY-NC,"(c) marcoseugenio, some rights reserved (CC BY-NC)",https://www.inaturalist.org/observations/365498054,667316212,2022-10-20,"Poconé - State of Mato Grosso, 78175-000, Brazil - Transpantaneira"
inat_665267115.jpg,cachorro_do_mato,Cerdocyon thous,CC-BY-NC,"(c) jefferson_silva, some rights reserved (CC BY-NC)",https://www.inaturalist.org/observations/364423139,665267115,2008-12-20,"Campinas, SP, Brasil"
inat_664608050.jpg,cachorro_do_mato,Cerdocyon thous,CC-BY-NC,"(c) marcoseugenio, some rights reserved (CC BY-NC)",https://www.inaturalist.org/observations/364071278,664608050,2025-10-15,"Poconé - State of Mato Grosso, 78175-000, Brazil - Pouso Alegre"
inat_663705382.jpg,cachorro_do_mato,Cerdocyon thous,CC-BY-NC,"(c) Lucas Brose, some rights reserved (CC BY-NC)",https://www.inaturalist.org/observations/363586604,663705382,2026-05-19,"Nestor Gomes, São Mateus - ES, Brasil"
inat_663008314.jpg,cachorro_do_mato,Cerdocyon thous,CC-BY-NC,"(c) Renata Mello, some rights reserved (CC BY-NC)",https://www.inaturalist.org/observations/363223004,663008314,2026-04-29,"Volta Grande, MG, 36720-000, Brasil"
inat_662967664.jpg,cachorro_do_mato,Cerdocyon thous,CC-BY-NC,"(c) Khayc Moreira Satil Valadares, some rights reserved (CC BY-NC)",https://www.inaturalist.org/observations/363202372,662967664,2026-05-19,"Nova Belém, MG, 35298-000, Brasil"
inat_659722283.jpg,cachorro_do_mato,Cerdocyon thous,CC-BY-NC,"(c) Jilberth Ferney Alzate Castaño, some rights reserved (CC BY-NC)",https://www.inaturalist.org/observations/361491177,659722283,2024-07-08,"Rionegro, Antioquia, Colombia"
inat_659679801.jpg,cachorro_do_mato,Cerdocyon thous,CC-BY-NC,"(c) leticia souza, some rights reserved (CC BY-NC)",https://www.inaturalist.org/observations/361468258,659679801,2026-05-05,"Serra Grande, Uruçuca - BA, Brasil"
inat_659267424.jpg,cachorro_do_mato,Cerdocyon thous,CC-BY-NC,"(c) rafaelrapcham, some rights reserved (CC BY-NC)",https://www.inaturalist.org/observations/361252493,659267424,2026-05-13,"Estrada da Demétria, Botucatu, SP, BR"
inat_659110608.jpg,cachorro_do_mato,Cerdocyon thous,CC-BY-NC,"(c) Maria Isabel R. Carvalho, some rights reserved (CC BY-NC)",https://www.inaturalist.org/observations/361168824,659110608,2025-02-16,"Dionísio - MG, Brasil"
inat_659112744.jpg,cachorro_do_mato,Cerdocyon thous,CC-BY-NC,"(c) Leandro Maracahipes, some rights reserved (CC BY-NC)",https://www.inaturalist.org/observations/361168545,659112744,2026-05-13,"Querência, MT, BR"
inat_658133381.jpg,cachorro_do_mato,Cerdocyon thous,CC-BY-NC,"(c) Yby Naturalista, some rights reserved (CC BY-NC)",https://www.inaturalist.org/observations/360667214,658133381,2026-05-08,YBY Natureza Condomínio Reserva
inat_657907680.jpg,cachorro_do_mato,Cerdocyon thous,CC-BY-NC,"(c) katiafacure, some rights reserved (CC BY-NC)",https://www.inaturalist.org/observations/360548441,657907680,2026-04-26,"Caminho interno, Uberlândia, MG, BR"
inat_657874519.jpg,cachorro_do_mato,Cerdocyon thous,CC-BY-NC,"(c) Carlos Justiniano Parada, some rights reserved (CC BY-NC)",https://www.inaturalist.org/observations/360531199,657874519,2026-05-09,"RN39: Cuatro Cañadas-San Miguel de Velasco, Santa Cruz, BO"
inat_657562322.jpg,cachorro_do_mato,Cerdocyon thous,CC-BY-NC,"(c) Vicente, some rights reserved (CC BY-NC)",https://www.inaturalist.org/observations/360367095,657562322,2024-07-11,"Aquidauana, MS, BR"
inat_657450349.jpg,cachorro_do_mato,Cerdocyon thous,CC-BY-NC,"(c) Lucas Leuzinger, some rights reserved (CC BY-NC)",https://www.inaturalist.org/observations/360307680,657450349,2026-05-10,"Fazenda Barranco Alto - Pantanal Lodge - Fazenda - Zona rural, Aquidauana - MS, 79200-000, Brasil"
inat_656838724.jpg,cachorro_do_mato,Cerdocyon thous,CC-BY-NC,"(c) bretthartl, some rights reserved (CC BY-NC)",https://www.inaturalist.org/observations/359982254,656838724,2023-08-07,"Jaborandi - State of Bahia, Brazil"
inat_656299679.jpg,cachorro_do_mato,Cerdocyon thous,CC-BY-NC,"(c) Francisco Portillo Cárdenas, some rights reserved (CC BY-NC)",https://www.inaturalist.org/observations/359695250,656299679,2026-05-02,"Cerrito 4 bocas, 090504, Paraguay"
inat_655762834.jpg,cachorro_do_mato,Cerdocyon thous,CC0,no rights reserved,https://www.inaturalist.org/observations/359415295,655762834,2024-01-07,Santa Marta
inat_654029543.jpg,cachorro_do_mato,Cerdocyon thous,CC-BY-NC,"(c) Micael De Bona, some rights reserved (CC BY-NC)",https://www.inaturalist.org/observations/358514825,654029543,2026-05-02,"Dom Feliciano, RS, BR"
inat_653851207.jpg,cachorro_do_mato,Cerdocyon thous,CC-BY,"(c) Nicola Crockford, some rights reserved (CC BY)",https://www.inaturalist.org/observations/358424613,653851207,2026-03-29,"Fazenda San Francisco Miranda - State of Mato Grosso do Sul, 79380-000, Brazil"
inat_653851198.jpg,cachorro_do_mato,Cerdocyon thous,CC-BY,"(c) Nicola Crockford, some rights reserved (CC BY)",https://www.inaturalist.org/observations/358424612,653851198,2026-03-29,"Fazenda San Francisco Miranda - State of Mato Grosso do Sul, 79380-000, Brazil"
inat_653847633.jpg,cachorro_do_mato,Cerdocyon thous,CC-BY,"(c) Nicola Crockford, some rights reserved (CC BY)",https://www.inaturalist.org/observations/358423069,653847633,2026-04-01,"Fazenda San Francisco Miranda - State of Mato Grosso do Sul, 79380-000, Brazil"
inat_653802134.jpg,cachorro_do_mato,Cerdocyon thous,CC-BY-NC,"(c) entreespinhoseferroes, some rights reserved (CC BY-NC)",https://www.inaturalist.org/observations/358396529,653802134,2026-05-04,"BR259, Datas, MG, BR"
inat_653323856.jpg,cachorro_do_mato,Cerdocyon thous,CC-BY-NC,"(c) ssnava, some rights reserved (CC BY-NC)",https://www.inaturalist.org/observations/358153709,653323856,2026-05-03,"MS-171, Aquidauana, MS, BR"
inat_652994669.jpg,cachorro_do_mato,Cerdocyon thous,CC-BY-NC,"(c) Flavio Moraes, some rights reserved (CC BY-NC)",https://www.inaturalist.org/observations/357987669,652994669,2020-09-06,"Piracicaba, SP, BR"
inat_651910585.jpg,cachorro_do_mato,Cerdocyon thous,CC-BY-NC,"(c) Yby Naturalista, some rights reserved (CC BY-NC)",https://www.inaturalist.org/observations/357420820,651910585,2026-05-02,YBY Natureza Condomínio Reserva
inat_650258392.jpg,cachorro_do_mato,Cerdocyon thous,CC-BY-NC,"(c) Yby Naturalista, some rights reserved (CC BY-NC)",https://www.inaturalist.org/observations/356595706,650258392,2026-04-27,YBY Natureza Condomínio Reserva
inat_649971292.jpg,cachorro_do_mato,Cerdocyon thous,CC-BY-NC,"(c) Remco Hofland, some rights reserved (CC BY-NC)",https://www.inaturalist.org/observations/356416663,649971292,2026-02-05,"San Martín Department, Corrientes Province, Argentina"
inat_648423762.jpg,cachorro_do_mato,Cerdocyon thous,CC-BY-NC,"(c) jeanhampson, some rights reserved (CC BY-NC)",https://www.inaturalist.org/observations/355558413,648423762,2026-03-20,"Santa Marta (Dist. ESP. ), Santa Marta, Magdalena, CO"
inat_644431856.jpg,cachorro_do_mato,Cerdocyon thous,CC-BY-NC,"(c) Breno Miorim, some rights reserved (CC BY-NC)",https://www.inaturalist.org/observations/353161688,644431856,2026-04-10,"Piracicaba, SP, 13416, Brasil"
inat_643753358.jpg,cachorro_do_mato,Cerdocyon thous,CC-BY-NC,"(c) Aline de Jesus, some rights reserved (CC BY-NC)",https://www.inaturalist.org/observations/352756672,643753358,2026-04-24,"Arinos, BR-MG, BR"
inat_641610340.jpg,cachorro_do_mato,Cerdocyon thous,CC-BY-NC,"(c) Douglas Ribeiro, some rights reserved (CC BY-NC)",https://www.inaturalist.org/observations/351581244,641610340,2026-04-19,"Ilha Solteira - SP, 15385-000, Brasil"
inat_639727804.jpg,cachorro_do_mato,Cerdocyon thous,CC-BY-NC,"(c) Pablo Ayres Vial, some rights reserved (CC BY-NC)",https://www.inaturalist.org/observations/350605899,639727804,2026-04-12,"60000 Departamento de Paysandú, Uruguay"
inat_638917828.jpg,cachorro_do_mato,Cerdocyon thous,CC-BY-NC,"(c) josmer, some rights reserved (CC BY-NC)",https://www.inaturalist.org/observations/350191007,638917828,2026-04-15,"Saravena, Saravena, Arauca, CO"
inat_637138456.jpg,cachorro_do_mato,Cerdocyon thous,CC-BY-NC,"(c) Stella Tea, some rights reserved (CC BY-NC)",https://www.inaturalist.org/observations/349285421,637138456,2026-03-31,"Ammo Dump Ponds, Gamboa, Colón District, Colón Province, PanamaColón District, Colón Province, Panama"
inat_636716403.jpg,cachorro_do_mato,Cerdocyon thous,CC-BY-NC,"(c) b_quental, some rights reserved (CC BY-NC)",https://www.inaturalist.org/observations/349070200,636716403,2026-04-11,"Rio de Janeiro, BR"
inat_636071041.jpg,cachorro_do_mato,Cerdocyon thous,CC-BY-NC,"(c) Gabriel Silva Guimarães, some rights reserved (CC BY-NC)",https://www.inaturalist.org/observations/348738932,636071041,2026-04-10,"Lagoa, Rio de Janeiro, RJ, BR"
inat_634745578.jpg,cachorro_do_mato,Cerdocyon thous,CC-BY-NC,"(c) Amanda S, some rights reserved (CC BY-NC)",https://www.inaturalist.org/observations/348070400,634745578,2026-03-20,"São Cristovao, São Luís - MA, Brasil"
inat_634170136.jpg,cachorro_do_mato,Cerdocyon thous,CC-BY-NC,"(c) Marcelo S, some rights reserved (CC BY-NC)",https://www.inaturalist.org/observations/347778868,634170136,2026-04-04,"120602 Karandayty, Paraguay"
inat_633381088.jpg,cachorro_do_mato,Cerdocyon thous,CC-BY-NC,"(c) Francisco Portillo Cárdenas, some rights reserved (CC BY-NC)",https://www.inaturalist.org/observations/347384619,633381088,2026-04-04,"Chaco'I, 111106, Paraguay"
inat_632934085.jpg,cachorro_do_mato,Cerdocyon thous,CC-BY-NC,"(c) geraldomorais, some rights reserved (CC BY-NC)",https://www.inaturalist.org/observations/347156965,632934085,2026-04-03,"Ivolândia - GO, Brasil"
inat_632650942.jpg,cachorro_do_mato,Cerdocyon thous,CC0,no rights reserved,https://www.inaturalist.org/observations/347015884,632650942,2026-04-02,"Guacary Condina, Pereira, Risaralda, Colombia"
inat_632390045.jpg,cachorro_do_mato,Cerdocyon thous,CC-BY-NC,"(c) danisergio, some rights reserved (CC BY-NC)",https://www.inaturalist.org/observations/346883807,632390045,2026-04-01,"panambí, Oberá, Misiones, Argentina"
inat_632036253.jpg,cachorro_do_mato,Cerdocyon thous,CC-BY-NC,"(c) Fhelipe Scarantti, some rights reserved (CC BY-NC)",https://www.inaturalist.org/observations/346706974,632036253,2026-04-01,"Pontes E Lacerda, MT, BR"
inat_631485290.jpg,cachorro_do_mato,Cerdocyon thous,CC-BY-NC,"(c) alysonripardo, some rights reserved (CC BY-NC)",https://www.inaturalist.org/observations/346429277,631485290,1980-01-01,"Manuel Dias Branco, Fortaleza - CE, Brasil"
inat_626348462.jpg,cachorro_do_mato,Cerdocyon thous,CC-BY-NC,"(c) Leandro Rezende, some rights reserved (CC BY-NC)",https://www.inaturalist.org/observations/343806800,626348462,2023-08-25,"Poconé - MT, 78175-000, Brasil"
inat_625977687.jpg,cachorro_do_mato,Cerdocyon thous,CC-BY-NC,"(c) danisergio, some rights reserved (CC BY-NC)",https://www.inaturalist.org/observations/343620317,625977687,2026-03-15,"Oberá, Misiones, Argentina"
inat_624323738.jpg,cachorro_do_mato,Cerdocyon thous,CC-BY-NC,"(c) adalberto-ramaldes, some rights reserved (CC BY-NC)",https://www.inaturalist.org/observations/342805995,624323738,2023-07-23,"Domingos Martins, ES, 29260-000, Brasil"
inat_623505431.jpg,cachorro_do_mato,Cerdocyon thous,CC-BY-NC,"(c) Fernando Paludo, some rights reserved (CC BY-NC)",https://www.inaturalist.org/observations/342391096,623505431,2026-03-08,"Estrada Alhambra (PR-490), Altônia, PR, BR"
inat_623259285.jpg,cachorro_do_mato,Cerdocyon thous,CC-BY-NC,"(c) Daniel Corrêa, some rights reserved (CC BY-NC)",https://www.inaturalist.org/observations/342272269,623259285,2026-01-22,"Praia do Ervino, São Francisco do Sul - SC, Brasil"
inat_622157101.jpg,cachorro_do_mato,Cerdocyon thous,CC-BY-NC,"(c) Marcos, some rights reserved (CC BY-NC)",https://www.inaturalist.org/observations/341725089,622157101,2026-03-06,"Alto Paraíso de Goiás, GO, 73770-000, Brasil"
inat_622065360.jpg,cachorro_do_mato,Cerdocyon thous,CC-BY-NC,"(c) Micael De Bona, some rights reserved (CC BY-NC)",https://www.inaturalist.org/observations/341679127,622065360,2025-09-17,"Orleans - SC, Brasil"
inat_622065358.jpg,cachorro_do_mato,Cerdocyon thous,CC-BY-NC,"(c) Micael De Bona, some rights reserved (CC BY-NC)",https://www.inaturalist.org/observations/341679126,622065358,2025-09-16,"Orleans - SC, Brasil"
inat_622058416.jpg,cachorro_do_mato,Cerdocyon thous,CC-BY-NC,"(c) Micael De Bona, some rights reserved (CC BY-NC)",https://www.inaturalist.org/observations/341675339,622058416,2025-11-27,"Urussanga - SC, Brasil"
inat_621178724.jpg,cachorro_do_mato,Cerdocyon thous,CC-BY-NC,"(c) Marilene de Souza dos Santos, some rights reserved (CC BY-NC)",https://www.inaturalist.org/observations/341252667,621178724,2021-12-23,"Jardim Botânico de Jundiaí - Av. Antônio Frederico Ozanan, 6400 - Vila Hortolandia, Jundiaí - SP, 13215-276, Brasil"
inat_620895169.jpg,cachorro_do_mato,Cerdocyon thous,CC-BY-NC,"(c) Isac Menezes, some rights reserved (CC BY-NC)",https://www.inaturalist.org/observations/341110947,620895169,2026-02-24,"São Bernardo - MA, 65550-000, Brasil"
inat_618177984.jpg,cachorro_do_mato,Cerdocyon thous,CC-BY-NC,"(c) Vicente e Antônio Villas, some rights reserved (CC BY-NC)",https://www.inaturalist.org/observations/339785200,618177984,2025-07-21,"Aquidauana - MS, Brasil"
inat_618147976.jpg,cachorro_do_mato,Cerdocyon thous,CC-BY-NC,"(c) Adriano Assunção, some rights reserved (CC BY-NC)",https://www.inaturalist.org/observations/339765465,618147976,2025-04-16,"Pedra Grande - RN, Brasil"
inat_618064903.jpg,cachorro_do_mato,Cerdocyon thous,CC-BY,"(c) Pedro Henrique Maloso Ramos, some rights reserved (CC BY)",https://www.inaturalist.org/observations/339723930,618064903,2025-12-07,"Sítio Barrocada, São Paulo - SP, Brasil"
inat_617516914.jpg,cachorro_do_mato,Cerdocyon thous,CC-BY,"(c) Gabriel Fernandes, some rights reserved (CC BY)",https://www.inaturalist.org/observations/339453237,617516914,2023-05-23,"SP-330, km 174 Zona Rural, Araras - SP, 13604-900, Brasil"
inat_616752873.jpg,cachorro_do_mato,Cerdocyon thous,CC-BY-NC,"(c) Blas Fandiño, some rights reserved (CC BY-NC)",https://www.inaturalist.org/observations/339080531,616752873,2007-05-07,"San Javier, Santa Fe, Argentina"
inat_616398741.jpg,cachorro_do_mato,Cerdocyon thous,CC-BY-NC,"(c) Rogério Machado, some rights reserved (CC BY-NC)",https://www.inaturalist.org/observations/338902499,616398741,2026-02-16,"Jardim Res. Copacabana, Rio Claro - SP, 13503, Brasil"
inat_616186323.jpg,cachorro_do_mato,Cerdocyon thous,CC-BY-NC,"(c) Flor Zorzoli, some rights reserved (CC BY-NC)",https://www.inaturalist.org/observations/338794888,616186323,2026-02-15,"San Fernando, Provincia de Buenos Aires, Argentina"
inat_614449988.jpg,cachorro_do_mato,Cerdocyon thous,CC-BY-SA,"(c) sheylarossi, some rights reserved (CC BY-SA)",https://www.inaturalist.org/observations/337939744,614449988,2026-02-09,"Sooretama, ES, BR"
inat_614383009.jpg,cachorro_do_mato,Cerdocyon thous,CC-BY-NC,"(c) Josimar Goulart, some rights reserved (CC BY-NC)",https://www.inaturalist.org/observations/337907631,614383009,2026-01-31,"JPR4+27 - Monte Rei, Juvenília - MG, 39467-000, Brasil"
inat_614350004.jpg,cachorro_do_mato,Cerdocyon thous,CC-BY-NC,"(c) Célio Moura Neto, some rights reserved (CC BY-NC)",https://www.inaturalist.org/observations/337899909,614350004,2026-02-06,"Itambé, Caucaia - CE, Brasil"
inat_613987315.jpg,cachorro_do_mato,Cerdocyon thous,CC-BY-NC,"(c) Isabela Skorei Mazur, some rights reserved (CC BY-NC)",https://www.inaturalist.org/observations/337716087,613987315,2026-02-07,"MF83+Q5 - Bateias, Campo Largo - PR, Brasil"
inat_613660483.jpg,cachorro_do_mato,Cerdocyon thous,CC-BY-NC,"(c) KENNEDY BORGES, some rights reserved (CC BY-NC)",https://www.inaturalist.org/observations/337555923,613660483,2026-02-05,"Parque Nacional das Emas, Parque Nacional das Emas Go, Chapadão do Céu - GO, 75828-000, Brasil"
inat_613544325.jpg,cachorro_do_mato,Cerdocyon thous,CC0,no rights reserved,https://www.inaturalist.org/observations/337497825,613544325,2026-02-04,"Terminal de Transportes de Pereira, Pereira, Risaralda, Colombia"
inat_613247463.jpg,cachorro_do_mato,Cerdocyon thous,CC-BY-NC,"(c) pedrocallado, some rights reserved (CC BY-NC)",https://www.inaturalist.org/observations/337355700,613247463,2026-01-29,"Cabaceiras - PB, Brasil"
inat_613388469.jpg,cachorro_do_mato,Cerdocyon thous,CC-BY-NC,"(c) Carlos Eduardo, some rights reserved (CC BY-NC)",https://www.inaturalist.org/observations/337276159,613388469,2026-02-03,"Mutum Paraná, Porto Velho - RO, Brasil"
inat_612924207.jpg,cachorro_do_mato,Cerdocyon thous,CC-BY-NC,"(c) giuliabellinati, some rights reserved (CC BY-NC)",https://www.inaturalist.org/observations/337196028,612924207,2026-02-02,"Pirassununga, SP, BR"
inat_611944752.jpg,cachorro_do_mato,Cerdocyon thous,CC-BY-NC,"(c) Pedro, some rights reserved (CC BY-NC)",https://www.inaturalist.org/observations/336716599,611944752,2025-08-04,"Mafra 4 Santa Vitória - MG, 38320-000, Brasil"
inat_611944755.jpg,cachorro_do_mato,Cerdocyon thous,CC-BY-NC,"(c) Pedro, some rights reserved (CC BY-NC)",https://www.inaturalist.org/observations/336716598,611944755,2025-08-05,"Mafra 4 Santa Vitória - MG, 38320-000, Brasil"
inat_611944267.jpg,cachorro_do_mato,Cerdocyon thous,CC-BY-NC,"(c) Pedro, some rights reserved (CC BY-NC)",https://www.inaturalist.org/observations/336716597,611944267,2025-10-24,"Mafra 4 Santa Vitória - MG, 38320-000, Brasil"
inat_611944265.jpg,cachorro_do_mato,Cerdocyon thous,CC-BY-NC,"(c) Pedro, some rights reserved (CC BY-NC)",https://www.inaturalist.org/observations/336716596,611944265,2025-10-23,"Mafra 4 Santa Vitória - MG, 38320-000, Brasil"
inat_611943907.jpg,cachorro_do_mato,Cerdocyon thous,CC-BY-NC,"(c) Pedro, some rights reserved (CC BY-NC)",https://www.inaturalist.org/observations/336716587,611943907,2025-10-22,"Mafra 2 Santa Vitória - MG, 38320-000, Brasil"
inat_611943908.jpg,cachorro_do_mato,Cerdocyon thous,CC-BY-NC,"(c) Pedro, some rights reserved (CC BY-NC)",https://www.inaturalist.org/observations/336716583,611943908,2025-10-21,"Mafra 2 Santa Vitória - MG, 38320-000, Brasil"
inat_611498719.jpg,cachorro_do_mato,Cerdocyon thous,CC-BY-NC,"(c) Daudt, some rights reserved (CC BY-NC)",https://www.inaturalist.org/observations/336498390,611498719,2026-01-21,"Garopaba - SC, Brasil"
inat_611433272.jpg,cachorro_do_mato,Cerdocyon thous,CC-BY-NC,"(c) projeto_ciencia_cidada_usppira, some rights reserved (CC BY-NC)",https://www.inaturalist.org/observations/336465325,611433272,2026-01-17,"Jardim Elite, Pirassununga, SP, BR"
inat_731696380.jpg,tamandua_bandeira,Myrmecophaga tridactyla,CC-BY-NC,"(c) Eduardo Franco, some rights reserved (CC BY-NC)",https://www.inaturalist.org/observations/398865008,731696380,2026-09-01,"Minas Gerais, BR"
inat_731682700.jpg,tamandua_bandeira,Myrmecophaga tridactyla,CC-BY-NC,"(c) Gerold Morrison, some rights reserved (CC BY-NC)",https://www.inaturalist.org/observations/398837047,731682700,2018-07-23,"Mato Grosso, BR"
inat_720201893.jpg,tamandua_bandeira,Myrmecophaga tridactyla,CC-BY-NC,"(c) Patrick Coin, some rights reserved (CC BY-NC)",https://www.inaturalist.org/observations/392955125,720201893,2024-11-04,"Mato Grosso do Sul, BR"
inat_716874913.jpg,tamandua_bandeira,Myrmecophaga tridactyla,CC-BY-NC,"(c) Camilo Velásquez (Niggo85), some rights reserved (CC BY-NC)",https://www.inaturalist.org/observations/391245455,716874913,2026-08-14,"Meta, CO"
inat_705457644.jpg,tamandua_bandeira,Myrmecophaga tridactyla,CC-BY-NC,"(c) brandon callender, some rights reserved (CC BY-NC)",https://www.inaturalist.org/observations/385241848,705457644,2026-07-26,"Upper Takutu-Upper Essequibo, GY"
inat_701695594.jpg,tamandua_bandeira,Myrmecophaga tridactyla,CC-BY-NC,"(c) Patrick HAFFNER, some rights reserved (CC BY-NC)",https://www.inaturalist.org/observations/383390357,701695594,2024-09-15,"Poconé, BR-MT, BR"
inat_700543890.jpg,tamandua_bandeira,Myrmecophaga tridactyla,CC-BY-NC,"(c) zunigarf, some rights reserved (CC BY-NC)",https://www.inaturalist.org/observations/382787586,700543890,2016-11-26,"Miranda, BR-MS, BR"
inat_696427104.jpg,tamandua_bandeira,Myrmecophaga tridactyla,CC-BY,"(c) Donald Davesne, some rights reserved (CC BY)",https://www.inaturalist.org/observations/380661695,696427104,2025-08-10,"Poconé, BR-MT, BR"
inat_692955930.jpg,tamandua_bandeira,Myrmecophaga tridactyla,CC-BY-NC,"(c) yukimatsukawa, some rights reserved (CC BY-NC)",https://www.inaturalist.org/observations/378864704,692955930,2026-07-06,Brazil
inat_692864998.jpg,tamandua_bandeira,Myrmecophaga tridactyla,CC-BY-NC,"(c) Lucas Leuzinger, some rights reserved (CC BY-NC)",https://www.inaturalist.org/observations/378817673,692864998,2010-10-03,"Aquidauana, BR-MS, BR"
inat_692080250.jpg,tamandua_bandeira,Myrmecophaga tridactyla,CC-BY-NC,"(c) gabrielbaeza, some rights reserved (CC BY-NC)",https://www.inaturalist.org/observations/378409193,692080250,2023-01-24,"São Paulo, BR"
inat_685740273.jpg,tamandua_bandeira,Myrmecophaga tridactyla,CC-BY-NC,"(c) luis, some rights reserved (CC BY-NC)",https://www.inaturalist.org/observations/375129821,685740273,2024-08-09,"Minas Gerais, BR"
inat_677394394.jpg,tamandua_bandeira,Myrmecophaga tridactyla,CC-BY-NC,"(c) Josue Costa, some rights reserved (CC BY-NC)",https://www.inaturalist.org/observations/370780030,677394394,2026-06-11,"Boa Vista, BR-RR, BR"
inat_677265917.jpg,tamandua_bandeira,Myrmecophaga tridactyla,CC-BY-NC,"(c) Edgar Romero, some rights reserved (CC BY-NC)",https://www.inaturalist.org/observations/370715889,677265917,2026-06-11,"Villa Hayes, PY-PH, PY"
inat_675673429.jpg,tamandua_bandeira,Myrmecophaga tridactyla,CC-BY-NC,"(c) Savimbo, some rights reserved (CC BY-NC)",https://www.inaturalist.org/observations/369881289,675673429,2026-05-08,"Sucumbios, EC"
inat_665990168.jpg,tamandua_bandeira,Myrmecophaga tridactyla,CC-BY,"(c) Cristiane Colodel, some rights reserved (CC BY)",https://www.inaturalist.org/observations/364804665,665990168,2026-05-24,"Paraná, BR"
inat_661581101.jpg,tamandua_bandeira,Myrmecophaga tridactyla,CC-BY,"(c) Miguel José Rangel Junior, some rights reserved (CC BY)",https://www.inaturalist.org/observations/362476670,661581101,2026-05-06,"São Paulo, BR"
inat_655298507.jpg,tamandua_bandeira,Myrmecophaga tridactyla,CC-BY-NC,"(c) Carlos, some rights reserved (CC BY-NC)",https://www.inaturalist.org/observations/359176142,655298507,2025-04-12,"São Paulo, BR"
inat_650411524.jpg,tamandua_bandeira,Myrmecophaga tridactyla,CC-BY,"(c) Nicola Crockford, some rights reserved (CC BY)",https://www.inaturalist.org/observations/356650608,650411524,2026-04-05,"Mato Grosso do Sul, BR"
inat_640175222.jpg,tamandua_bandeira,Myrmecophaga tridactyla,CC-BY-NC,"(c) Núcleo Palmero Aceites Morichal S.A.S., some rights reserved (CC BY-NC)",https://www.inaturalist.org/observations/350840787,640175222,2025-12-15,"Meta, CO"
inat_639357125.jpg,tamandua_bandeira,Myrmecophaga tridactyla,CC-BY-NC,"(c) Débora Campos, some rights reserved (CC BY-NC)",https://www.inaturalist.org/observations/350414991,639357125,2023-07-27,"Minas Gerais, BR"
inat_638408361.jpg,tamandua_bandeira,Myrmecophaga tridactyla,CC-BY-NC,"(c) Savimbo, some rights reserved (CC BY-NC)",https://www.inaturalist.org/observations/349931435,638408361,2026-02-19,"Sucumbios, EC"
inat_634012237.jpg,tamandua_bandeira,Myrmecophaga tridactyla,CC-BY-NC,"(c) Juliana, some rights reserved (CC BY-NC)",https://www.inaturalist.org/observations/347702460,634012237,2026-04-05,"Goiás, BR"
inat_631836945.jpg,tamandua_bandeira,Myrmecophaga tridactyla,CC-BY-NC,"(c) GabrielBernitz, some rights reserved (CC BY-NC)",https://www.inaturalist.org/observations/346606216,631836945,2026-03-29,"Madre de Dios, PE"
inat_631399878.jpg,tamandua_bandeira,Myrmecophaga tridactyla,CC-BY-NC,"(c) Edgar Romero, some rights reserved (CC BY-NC)",https://www.inaturalist.org/observations/346384657,631399878,2026-03-30,"Presidente Hayes, PY"
inat_629292722.jpg,tamandua_bandeira,Myrmecophaga tridactyla,CC-BY-NC,"(c) Thomas Diemer, some rights reserved (CC BY-NC)",https://www.inaturalist.org/observations/345317207,629292722,2016-06-05,French Guiana
inat_624845102.jpg,tamandua_bandeira,Myrmecophaga tridactyla,CC-BY-NC,"(c) Rafael Costa, some rights reserved (CC BY-NC)",https://www.inaturalist.org/observations/343064423,624845102,2025-10-06,"Pará, BR"
inat_624572042.jpg,tamandua_bandeira,Myrmecophaga tridactyla,CC-BY-NC,"(c) Eduardo Franco, some rights reserved (CC BY-NC)",https://www.inaturalist.org/observations/342928961,624572042,2015-08-01,"Minas Gerais, BR"
inat_623591206.jpg,tamandua_bandeira,Myrmecophaga tridactyla,CC-BY-NC,"(c) Erika Berenguer, some rights reserved (CC BY-NC)",https://www.inaturalist.org/observations/342433776,623591206,2026-03-10,"Pará, BR"
inat_614237006.jpg,tamandua_bandeira,Myrmecophaga tridactyla,CC-BY-NC,"(c) felipepolizelli, some rights reserved (CC BY-NC)",https://www.inaturalist.org/observations/337837281,614237006,2025-09-13,"Mato Grosso do Sul, BR"
inat_610574240.jpg,tamandua_bandeira,Myrmecophaga tridactyla,CC-BY-NC,"(c) luizfcarmo, some rights reserved (CC BY-NC)",https://www.inaturalist.org/observations/336036434,610574240,2025-02-13,"Pará, BR"
inat_608190016.jpg,tamandua_bandeira,Myrmecophaga tridactyla,CC-BY-NC,"(c) fabiana dos santos de oliveira rosin, some rights reserved (CC BY-NC)",https://www.inaturalist.org/observations/334856438,608190016,2026-01-11,"Minas Gerais, BR"
inat_608050544.jpg,tamandua_bandeira,Myrmecophaga tridactyla,CC-BY,"(c) Kristiina Hurme, some rights reserved (CC BY)",https://www.inaturalist.org/observations/334789374,608050544,2026-01-14,"Casanare, CO"
inat_607817547.jpg,tamandua_bandeira,Myrmecophaga tridactyla,CC-BY-NC,"(c) edu_bal, some rights reserved (CC BY-NC)",https://www.inaturalist.org/observations/334674637,607817547,2024-03-31,"Almirante Brown, AR-CC, AR"
inat_600072081.jpg,tamandua_bandeira,Myrmecophaga tridactyla,CC-BY-NC,"(c) Hoiman, some rights reserved (CC BY-NC)",https://www.inaturalist.org/observations/330863208,600072081,2025-10-20,"Aquidauana, BR-MS, BR"
inat_591634207.jpg,tamandua_bandeira,Myrmecophaga tridactyla,CC-BY-NC,"(c) Isaias Maximiliano Churruarin, some rights reserved (CC BY-NC)",https://www.inaturalist.org/observations/326647569,591634207,2025-11-11,"Nueve de Julio, AR-SF, AR"
inat_591022984.jpg,tamandua_bandeira,Myrmecophaga tridactyla,CC-BY-NC,"(c) Edgar Romero, some rights reserved (CC BY-NC)",https://www.inaturalist.org/observations/326341530,591022984,2025-11-13,"Mariscal José Félix Estigarribia, PY-BQ, PY"
inat_587881347.jpg,tamandua_bandeira,Myrmecophaga tridactyla,CC-BY-NC,"(c) Miguel Vargas, some rights reserved (CC BY-NC)",https://www.inaturalist.org/observations/324764212,587881347,2025-10-03,Colombia
inat_585172477.jpg,tamandua_bandeira,Myrmecophaga tridactyla,CC-BY-NC,"(c) César María Aguilar Gómez, some rights reserved (CC BY-NC)",https://www.inaturalist.org/observations/323404561,585172477,2025-09-04,"Poconé, BR-MT, BR"
inat_582669080.jpg,tamandua_bandeira,Myrmecophaga tridactyla,CC-BY-NC,"(c) andybowen, some rights reserved (CC BY-NC)",https://www.inaturalist.org/observations/322124213,582669080,2023-07-21,"Pozo Colorado, PY-PH, PY"
inat_582539987.jpg,tamandua_bandeira,Myrmecophaga tridactyla,CC-BY-NC,"(c) pedroa1010, some rights reserved (CC BY-NC)",https://www.inaturalist.org/observations/322058372,582539987,2025-10-02,"Casanare, CO"
inat_581671673.jpg,tamandua_bandeira,Myrmecophaga tridactyla,CC-BY-NC,"(c) INVERSIONES PALMAROSA,VILLANUEVA CASANARE, some rights reserved (CC BY-NC)",https://www.inaturalist.org/observations/321618123,581671673,2025-10-04,Colombia
inat_581666401.jpg,tamandua_bandeira,Myrmecophaga tridactyla,CC-BY-NC,"(c) INVERSIONES PALMAROSA,VILLANUEVA CASANARE, some rights reserved (CC BY-NC)",https://www.inaturalist.org/observations/321614831,581666401,2025-09-25,Colombia
inat_581663833.jpg,tamandua_bandeira,Myrmecophaga tridactyla,CC-BY-NC,"(c) INVERSIONES PALMAROSA,VILLANUEVA CASANARE, some rights reserved (CC BY-NC)",https://www.inaturalist.org/observations/321613546,581663833,2025-09-18,Colombia
inat_581490525.jpg,tamandua_bandeira,Myrmecophaga tridactyla,CC-BY-NC,"(c) Amandine P, some rights reserved (CC BY-NC)",https://www.inaturalist.org/observations/321522329,581490525,2025-10-12,"Marbán, BO-EB, BO"
inat_581402895.jpg,tamandua_bandeira,Myrmecophaga tridactyla,CC-BY-NC,"(c) Stefan, some rights reserved (CC BY-NC)",https://www.inaturalist.org/observations/321476928,581402895,2025-10-03,"Mato Grosso do Sul, BR"
inat_581341321.jpg,tamandua_bandeira,Myrmecophaga tridactyla,CC-BY-NC,"(c) malacochersus, some rights reserved (CC BY-NC)",https://www.inaturalist.org/observations/321454492,581341321,2018-07-15,"Poconé, BR-MT, BR"
inat_581080142.jpg,tamandua_bandeira,Myrmecophaga tridactyla,CC-BY-NC,"(c) martin180315, some rights reserved (CC BY-NC)",https://www.inaturalist.org/observations/321319197,581080142,2022-03-20,"Meta, CO"
inat_580949473.jpg,tamandua_bandeira,Myrmecophaga tridactyla,CC-BY-NC,"(c) mauriciobedoya, some rights reserved (CC BY-NC)",https://www.inaturalist.org/observations/321246823,580949473,2012-02-25,"Casanare, CO"
inat_579908318.jpg,tamandua_bandeira,Myrmecophaga tridactyla,CC-BY-NC,"(c) Luciano Stasiak, some rights reserved (CC BY-NC)",https://www.inaturalist.org/observations/320714966,579908318,2025-10-13,"Bonito, BR-MS, BR"
inat_576581091.jpg,tamandua_bandeira,Myrmecophaga tridactyla,CC-BY-NC,"(c) AGNALDO CORREA DE ASSIS, some rights reserved (CC BY-NC)",https://www.inaturalist.org/observations/318994369,576581091,2025-10-05,"Minas Gerais, BR"
inat_574262254.jpg,tamandua_bandeira,Myrmecophaga tridactyla,CC-BY-NC,"(c) Camilo Velásquez (Niggo85), some rights reserved (CC BY-NC)",https://www.inaturalist.org/observations/317780916,574262254,2025-09-04,"Meta, CO"
inat_570530453.jpg,tamandua_bandeira,Myrmecophaga tridactyla,CC-BY-NC,"(c) Leonardo Bordin, some rights reserved (CC BY-NC)",https://www.inaturalist.org/observations/315804306,570530453,2024-08-16,"Mato Grosso do Sul, BR"
inat_570244684.jpg,tamandua_bandeira,Myrmecophaga tridactyla,CC-BY,"(c) Miguel José Rangel Junior, some rights reserved (CC BY)",https://www.inaturalist.org/observations/315656197,570244684,2025-09-18,"São Paulo, BR"
inat_566745392.jpg,tamandua_bandeira,Myrmecophaga tridactyla,CC-BY-SA,"(c) Jonathan Lorencetti Ehlert, some rights reserved (CC BY-SA)",https://www.inaturalist.org/observations/313818249,566745392,2023-06-18,"Mato Grosso, BR"
inat_557834389.jpg,tamandua_bandeira,Myrmecophaga tridactyla,CC-BY-NC,"(c) Marrissa Miller, some rights reserved (CC BY-NC)",https://www.inaturalist.org/observations/309152378,557834389,2025-08-19,Colombia
inat_553838908.jpg,tamandua_bandeira,Myrmecophaga tridactyla,CC-BY-NC,"(c) Norton Santos, some rights reserved (CC BY-NC)",https://www.inaturalist.org/observations/307080854,553838908,2025-07-15,"Poconé, BR-MT, BR"
inat_538223869.jpg,tamandua_bandeira,Myrmecophaga tridactyla,CC-BY-NC,"(c) Edgar Romero, some rights reserved (CC BY-NC)",https://www.inaturalist.org/observations/298780770,538223869,2025-07-17,"Villa Hayes, PY-PH, PY"
inat_536240011.jpg,tamandua_bandeira,Myrmecophaga tridactyla,CC-BY-NC,"(c) lautioterom, some rights reserved (CC BY-NC)",https://www.inaturalist.org/observations/297741413,536240011,2025-07-12,"Ituzaingó, AR-CN, AR"
inat_535198532.jpg,tamandua_bandeira,Myrmecophaga tridactyla,CC-BY-NC,"(c) Thiago Gonçalves Coronado Antunes, some rights reserved (CC BY-NC)",https://www.inaturalist.org/observations/297187205,535198532,2025-07-11,"Poconé, BR-MT, BR"
inat_534215518.jpg,tamandua_bandeira,Myrmecophaga tridactyla,CC-BY-NC,"(c) nickdicorax, some rights reserved (CC BY-NC)",https://www.inaturalist.org/observations/296670764,534215518,2025-07-03,"Minas Gerais, BR"
inat_532265275.jpg,tamandua_bandeira,Myrmecophaga tridactyla,CC-BY-NC,"(c) Carl Salk, some rights reserved (CC BY-NC)",https://www.inaturalist.org/observations/295651969,532265275,2025-02-02,"Upper Takutu-Upper Essequibo, GY"
inat_530841517.jpg,tamandua_bandeira,Myrmecophaga tridactyla,CC-BY-NC,"(c) guilherme1998, some rights reserved (CC BY-NC)",https://www.inaturalist.org/observations/294898647,530841517,2025-07-03,"São Paulo, BR"
inat_527124756.jpg,tamandua_bandeira,Myrmecophaga tridactyla,CC-BY-NC,"(c) Savimbo, some rights reserved (CC BY-NC)",https://www.inaturalist.org/observations/292893639,527124756,2025-06-18,"Sucumbios, EC"
inat_522497685.jpg,tamandua_bandeira,Myrmecophaga tridactyla,CC-BY-NC,"(c) Edgar Romero, some rights reserved (CC BY-NC)",https://www.inaturalist.org/observations/290447491,522497685,2025-06-08,"Boquerón, PY"
inat_518510195.jpg,tamandua_bandeira,Myrmecophaga tridactyla,CC-BY-NC,"(c) LAURA HENAO, some rights reserved (CC BY-NC)",https://www.inaturalist.org/observations/288332572,518510195,2025-05-13,"La Primavera, CO-VD, CO"
inat_517734790.jpg,tamandua_bandeira,Myrmecophaga tridactyla,CC-BY-NC,"(c) Luis F. Alberti, some rights reserved (CC BY-NC)",https://www.inaturalist.org/observations/287924226,517734790,2022-05-03,"Campo Grande, BR-MS, BR"
inat_499371332.jpg,tamandua_bandeira,Myrmecophaga tridactyla,CC-BY-NC,"(c) ffpheebs, some rights reserved (CC BY-NC)",https://www.inaturalist.org/observations/278115120,499371332,2025-04-27,"Mato Grosso, BR"
inat_497521548.jpg,tamandua_bandeira,Myrmecophaga tridactyla,CC-BY-NC,"(c) marcela-tittarelli, some rights reserved (CC BY-NC)",https://www.inaturalist.org/observations/277071624,497521548,2025-04-27,"Nueve de Julio, AR-SF, AR"
inat_496690628.jpg,tamandua_bandeira,Myrmecophaga tridactyla,CC-BY-NC,"(c) Savimbo, some rights reserved (CC BY-NC)",https://www.inaturalist.org/observations/276594052,496690628,2025-03-16,"Pastaza, EC-PA, EC"
inat_483704820.jpg,tamandua_bandeira,Myrmecophaga tridactyla,CC-BY-NC,"(c) Edgar Romero, some rights reserved (CC BY-NC)",https://www.inaturalist.org/observations/269046229,483704820,2025-04-06,"Villa Hayes, PY-PH, PY"
inat_481613077.jpg,tamandua_bandeira,Myrmecophaga tridactyla,CC-BY-NC,"(c) joao88pedro, some rights reserved (CC BY-NC)",https://www.inaturalist.org/observations/267964953,481613077,2025-03-31,"Goiás, BR"
inat_480845981.jpg,tamandua_bandeira,Myrmecophaga tridactyla,CC-BY-NC,"(c) Zurich Vilayne Franco Senior, some rights reserved (CC BY-NC)",https://www.inaturalist.org/observations/267562684,480845981,2025-03-21,Colombia
inat_473774046.jpg,tamandua_bandeira,Myrmecophaga tridactyla,CC-BY-NC,"(c) Jeff S., some rights reserved (CC BY-NC)",https://www.inaturalist.org/observations/263699228,473774046,1999-08-01,"Canaima National Park, Canaima, Bolívar, VE"
inat_472959601.jpg,tamandua_bandeira,Myrmecophaga tridactyla,CC-BY-NC,"(c) Michelle Graydon, some rights reserved (CC BY-NC)",https://www.inaturalist.org/observations/263284435,472959601,2024-11-05,"Mato Grosso do Sul, BR"
inat_469330546.jpg,tamandua_bandeira,Myrmecophaga tridactyla,CC-BY-NC,"(c) Laurent Quéno, some rights reserved (CC BY-NC)",https://www.inaturalist.org/observations/261258377,469330546,2025-01-25,"Goiás, BR"
inat_468246911.jpg,tamandua_bandeira,Myrmecophaga tridactyla,CC-BY,"(c) Emily Turteltaub Nelson, some rights reserved (CC BY)",https://www.inaturalist.org/observations/260713331,468246911,2022-10-15,"Mato Grosso do Sul, BR"
inat_466562476.jpg,tamandua_bandeira,Myrmecophaga tridactyla,CC-BY-NC,"(c) INVERSIONES PALMAROSA,VILLANUEVA CASANARE, some rights reserved (CC BY-NC)",https://www.inaturalist.org/observations/259861427,466562476,2022-11-02,Colombia
inat_466450660.jpg,tamandua_bandeira,Myrmecophaga tridactyla,CC-BY-NC,"(c) João Vitor Andriola, some rights reserved (CC BY-NC)",https://www.inaturalist.org/observations/259805078,466450660,2024-11-18,"Minas Gerais, BR"
inat_466410150.jpg,tamandua_bandeira,Myrmecophaga tridactyla,CC-BY-NC,"(c) INVERSIONES PALMAROSA,VILLANUEVA CASANARE, some rights reserved (CC BY-NC)",https://www.inaturalist.org/observations/259783080,466410150,2022-03-19,Colombia
inat_466408551.jpg,tamandua_bandeira,Myrmecophaga tridactyla,CC-BY-NC,"(c) INVERSIONES PALMAROSA,VILLANUEVA CASANARE, some rights reserved (CC BY-NC)",https://www.inaturalist.org/observations/259782307,466408551,2021-12-11,Colombia
inat_466272312.jpg,tamandua_bandeira,Myrmecophaga tridactyla,CC-BY-NC,"(c) Guillermo Menéndez, some rights reserved (CC BY-NC)",https://www.inaturalist.org/observations/259714603,466272312,2025-01-21,Paraguay
inat_465052960.jpg,tamandua_bandeira,Myrmecophaga tridactyla,CC-BY-NC,"(c) edu_bal, some rights reserved (CC BY-NC)",https://www.inaturalist.org/observations/259110970,465052960,2022-06-17,"Poconé, BR-MT, BR"
inat_463737269.jpg,tamandua_bandeira,Myrmecophaga tridactyla,CC-BY-NC,"(c) Nadja Simbera Hemetrio, some rights reserved (CC BY-NC)",https://www.inaturalist.org/observations/258465922,463737269,2016-01-09,"Minas Gerais, BR"
inat_458062535.jpg,tamandua_bandeira,Myrmecophaga tridactyla,CC-BY-NC,"(c) Matheus C. Heinzelmann, some rights reserved (CC BY-NC)",https://www.inaturalist.org/observations/255589733,458062535,2024-12-07,
inat_457895527.jpg,tamandua_bandeira,Myrmecophaga tridactyla,CC-BY-NC,"(c) Matheus C. Heinzelmann, some rights reserved (CC BY-NC)",https://www.inaturalist.org/observations/255508842,457895527,2024-11-23,
inat_457767050.jpg,tamandua_bandeira,Myrmecophaga tridactyla,CC-BY-NC,"(c) Matheus C. Heinzelmann, some rights reserved (CC BY-NC)",https://www.inaturalist.org/observations/255447055,457767050,2024-11-10,
inat_457766797.jpg,tamandua_bandeira,Myrmecophaga tridactyla,CC-BY-NC,"(c) Matheus C. Heinzelmann, some rights reserved (CC BY-NC)",https://www.inaturalist.org/observations/255446859,457766797,2024-11-08,
inat_457758754.jpg,tamandua_bandeira,Myrmecophaga tridactyla,CC-BY-NC,"(c) Matheus C. Heinzelmann, some rights reserved (CC BY-NC)",https://www.inaturalist.org/observations/255437861,457758754,2024-12-09,
inat_457585652.jpg,tamandua_bandeira,Myrmecophaga tridactyla,CC-BY-NC,"(c) Angy Pineda, some rights reserved (CC BY-NC)",https://www.inaturalist.org/observations/255346982,457585652,2024-12-04,"Casanare, CO"
inat_457306295.jpg,tamandua_bandeira,Myrmecophaga tridactyla,CC-BY-NC,"(c) The Jungle Explorer, some rights reserved (CC BY-NC)",https://www.inaturalist.org/observations/255212701,457306295,2005-12-31,"Caroebe, BR-RR, BR"
inat_455523597.jpg,tamandua_bandeira,Myrmecophaga tridactyla,CC-BY-NC,"(c) Nereston (Nelinho) Camargo, some rights reserved (CC BY-NC)",https://www.inaturalist.org/observations/254327333,455523597,2024-12-06,"Pará, BR"
inat_454632853.jpg,tamandua_bandeira,Myrmecophaga tridactyla,CC-BY-NC,"(c) Helberth Peixoto, some rights reserved (CC BY-NC)",https://www.inaturalist.org/observations/253861729,454632853,2024-11-01,"Minas Gerais, BR"
inat_453062771.jpg,tamandua_bandeira,Myrmecophaga tridactyla,CC-BY-NC,"(c) Diogo Silvestre, some rights reserved (CC BY-NC)",https://www.inaturalist.org/observations/253066168,453062771,2024-11-21,"São Paulo, BR"
inat_453062436.jpg,tamandua_bandeira,Myrmecophaga tridactyla,CC-BY-NC,"(c) Diogo Silvestre, some rights reserved (CC BY-NC)",https://www.inaturalist.org/observations/253066049,453062436,2024-11-21,"São Paulo, BR"
inat_452428941.jpg,tamandua_bandeira,Myrmecophaga tridactyla,CC-BY-NC,"(c) Vitor Q. Piacentini, some rights reserved (CC BY-NC)",https://www.inaturalist.org/observations/252712668,452428941,2024-11-16,"Mato Grosso, BR"
inat_451847808.jpg,tamandua_bandeira,Myrmecophaga tridactyla,CC-BY-NC,"(c) Bruce Neville, some rights reserved (CC BY-NC)",https://www.inaturalist.org/observations/252420279,451847808,2024-10-29,"Minas Gerais, BR"
inat_451164092.jpg,tamandua_bandeira,Myrmecophaga tridactyla,CC-BY-NC,"(c) Christopher Rustay, some rights reserved (CC BY-NC)",https://www.inaturalist.org/observations/252076358,451164092,2024-10-29,"Minas Gerais, BR"
inat_447802540.jpg,tamandua_bandeira,Myrmecophaga tridactyla,CC-BY-NC,"(c) Christopher Rustay, some rights reserved (CC BY-NC)",https://www.inaturalist.org/observations/250392354,447802540,2024-10-30,"Minas Gerais, BR"
inat_446700669.jpg,tamandua_bandeira,Myrmecophaga tridactyla,CC-BY-NC,"(c) geraldomorais, some rights reserved (CC BY-NC)",https://www.inaturalist.org/observations/249841825,446700669,2024-10-30,"Goiás, BR"
inat_446155150.jpg,tamandua_bandeira,Myrmecophaga tridactyla,CC-BY-NC,"(c) Pedro Igor Monteiro, some rights reserved (CC BY-NC)",https://www.inaturalist.org/observations/249570566,446155150,2024-10-07,"Bahia, BR"
inat_444774168.jpg,tamandua_bandeira,Myrmecophaga tridactyla,CC-BY-NC,"(c) Arthur Toledo R. C. França, some rights reserved (CC BY-NC)",https://www.inaturalist.org/observations/248871554,444774168,2023-11-14,"Minas Gerais, BR"
inat_440340606.jpg,tamandua_bandeira,Myrmecophaga tridactyla,CC-BY-NC,"(c) Augusto Acosta, some rights reserved (CC BY-NC)",https://www.inaturalist.org/observations/246636702,440340606,2024-06-09,"Magdalena, CO"
inat_439470053.jpg,tamandua_bandeira,Myrmecophaga tridactyla,CC-BY-NC,"(c) Valter K. Filho, some rights reserved (CC BY-NC)",https://www.inaturalist.org/observations/246199231,439470053,2009-09-27,Brazil
inat_439383946.jpg,tamandua_bandeira,Myrmecophaga tridactyla,CC0,no rights reserved,https://www.inaturalist.org/observations/246154632,439383946,2015-09-18,"Campo Grande, BR-MS, BR"
inat_438354028.jpg,tamandua_bandeira,Myrmecophaga tridactyla,CC-BY,"(c) Curupira and Boitatá, some rights reserved (CC BY)",https://www.inaturalist.org/observations/245629924,438354028,2024-10-04,"Goiás, BR"
inat_434552675.jpg,tamandua_bandeira,Myrmecophaga tridactyla,CC-BY-NC,"(c) mkt47, some rights reserved (CC BY-NC)",https://www.inaturalist.org/observations/243681325,434552675,2024-08-23,"Poconé, BR-MT, BR"
inat_434073560.jpg,tamandua_bandeira,Myrmecophaga tridactyla,CC-BY,"(c) Navin Sasikumar, some rights reserved (CC BY)",https://www.inaturalist.org/observations/243434051,434073560,2024-09-07,"Aquidauana, BR-MS, BR"
inat_432366512.jpg,tamandua_bandeira,Myrmecophaga tridactyla,CC-BY-NC,"(c) Valter K. Filho, some rights reserved (CC BY-NC)",https://www.inaturalist.org/observations/242529758,432366512,2008-12-30,"Goiás, BR"
inat_431804301.jpg,tamandua_bandeira,Myrmecophaga tridactyla,CC-BY-NC,"(c) Lorena Sforza, some rights reserved (CC BY-NC)",https://www.inaturalist.org/observations/242218088,431804301,2024-09-08,"Villa Hayes, PY-PH, PY"
inat_428673172.jpg,tamandua_bandeira,Myrmecophaga tridactyla,CC-BY,"(c) Carlos Otávio Gussoni, some rights reserved (CC BY)",https://www.inaturalist.org/observations/240599340,428673172,2024-09-07,"Aquidauana, BR-MS, BR"
inat_423289275.jpg,tamandua_bandeira,Myrmecophaga tridactyla,CC-BY-NC,"(c) Niall Perrins, some rights reserved (CC BY-NC)",https://www.inaturalist.org/observations/237811390,423289275,2024-08-06,"Minas Gerais, BR"
inat_421852552.jpg,tamandua_bandeira,Myrmecophaga tridactyla,CC-BY-NC,"(c) Jenn Megyesi, some rights reserved (CC BY-NC)",https://www.inaturalist.org/observations/237067602,421852552,2024-08-18,"Poconé, BR-MT, BR"
inat_410482866.jpg,tamandua_bandeira,Myrmecophaga tridactyla,CC-BY,"(c) Pablo, some rights reserved (CC BY)",https://www.inaturalist.org/observations/231136870,410482866,2024-07-21,"Formosa, AR"
inat_408364780.jpg,tamandua_bandeira,Myrmecophaga tridactyla,CC-BY,"(c) Pablo, some rights reserved (CC BY)",https://www.inaturalist.org/observations/230015422,408364780,2024-07-17,"Bermejo, AR-FM, AR"
inat_407961161.jpg,tamandua_bandeira,Myrmecophaga tridactyla,CC-BY,"(c) Pablo, some rights reserved (CC BY)",https://www.inaturalist.org/observations/229804451,407961161,2024-07-16,"Patiño, AR-FM, AR"
inat_405391951.jpg,tamandua_bandeira,Myrmecophaga tridactyla,CC-BY-NC,"(c) DAVILA REYES DANIEL, some rights reserved (CC BY-NC)",https://www.inaturalist.org/observations/228450141,405391951,2021-11-09,"Cesar, CO"
inat_403952768.jpg,tamandua_bandeira,Myrmecophaga tridactyla,CC-BY-NC,"(c) Becky Brenner, some rights reserved (CC BY-NC)",https://www.inaturalist.org/observations/227688089,403952768,2024-06-29,"Mato Grosso do Sul, BR"
inat_402888420.jpg,tamandua_bandeira,Myrmecophaga tridactyla,CC-BY-NC,"(c) Savimbo, some rights reserved (CC BY-NC)",https://www.inaturalist.org/observations/227128829,402888420,2024-05-11,"Sucumbios, EC"
inat_398838933.jpg,tamandua_bandeira,Myrmecophaga tridactyla,CC-BY-NC,"(c) Isaias Maximiliano Churruarin, some rights reserved (CC BY-NC)",https://www.inaturalist.org/observations/224990375,398838933,2024-06-24,Argentina
inat_396936374.jpg,tamandua_bandeira,Myrmecophaga tridactyla,CC-BY-NC,"(c) Carol Farhat, some rights reserved (CC BY-NC)",https://www.inaturalist.org/observations/223993212,396936374,2016-02-23,"Bonito, BR-MS, BR"
inat_394749067.jpg,tamandua_bandeira,Myrmecophaga tridactyla,CC-BY-NC,"(c) thewildgtrv, some rights reserved (CC BY-NC)",https://www.inaturalist.org/observations/222828537,394749067,2015-08-04,"Poconé, BR-MT, BR"
inat_391403344.jpg,tamandua_bandeira,Myrmecophaga tridactyla,CC-BY-NC,"(c) Ronaldo Garcia, some rights reserved (CC BY-NC)",https://www.inaturalist.org/observations/221035006,391403344,2024-06-01,"Mato Grosso do Sul, BR"
inat_386226458.jpg,tamandua_bandeira,Myrmecophaga tridactyla,CC-BY-NC,"(c) Julien Piolain, some rights reserved (CC BY-NC)",https://www.inaturalist.org/observations/218276437,386226458,2024-05-04,"Ferreira Gomes, BR-AP, BR"
inat_383007403.jpg,tamandua_bandeira,Myrmecophaga tridactyla,CC-BY-NC,"(c) Arnaud Aury, some rights reserved (CC BY-NC)",https://www.inaturalist.org/observations/216564711,383007403,2024-05-04,"Ferreira Gomes, BR-AP, BR"
inat_382470107.jpg,tamandua_bandeira,Myrmecophaga tridactyla,CC-BY-NC,"(c) Lucas Leuzinger, some rights reserved (CC BY-NC)",https://www.inaturalist.org/observations/216269616,382470107,2018-07-19,"Aquidauana, BR-MS, BR"
inat_382470106.jpg,tamandua_bandeira,Myrmecophaga tridactyla,CC-BY-NC,"(c) Lucas Leuzinger, some rights reserved (CC BY-NC)",https://www.inaturalist.org/observations/216269615,382470106,2018-07-19,"Aquidauana, BR-MS, BR"
inat_380480919.jpg,tamandua_bandeira,Myrmecophaga tridactyla,CC-BY-NC,"(c) Lucas Leuzinger, some rights reserved (CC BY-NC)",https://www.inaturalist.org/observations/215217175,380480919,2007-06-03,"Aquidauana, BR-MS, BR"
inat_376485921.jpg,tamandua_bandeira,Myrmecophaga tridactyla,CC-BY,"(c) Lindolfo Souto, some rights reserved (CC BY)",https://www.inaturalist.org/observations/213039676,376485921,2015-11-25,"Minas Gerais, BR"
inat_376429467.jpg,tamandua_bandeira,Myrmecophaga tridactyla,CC-BY-NC,"(c) Don Roberson, some rights reserved (CC BY-NC)",https://www.inaturalist.org/observations/213009709,376429467,2010-07-28,"Mato Grosso do Sul, BR"
inat_370357286.jpg,tamandua_bandeira,Myrmecophaga tridactyla,CC-BY-NC,"(c) Palmeras La Carolina, some rights reserved (CC BY-NC)",https://www.inaturalist.org/observations/209283064,370357286,2024-04-08,"Meta, CO"
inat_367814846.jpg,tamandua_bandeira,Myrmecophaga tridactyla,CC-BY-NC,"(c) jo22nfrog, some rights reserved (CC BY-NC)",https://www.inaturalist.org/observations/207912670,367814846,2024-02-18,"Mato Grosso do Sul, BR"
inat_367814828.jpg,tamandua_bandeira,Myrmecophaga tridactyla,CC-BY-NC,"(c) jo22nfrog, some rights reserved (CC BY-NC)",https://www.inaturalist.org/observations/207912669,367814828,2024-02-18,"Mato Grosso do Sul, BR"
inat_362647940.jpg,tamandua_bandeira,Myrmecophaga tridactyla,CC-BY-NC,"(c) Luis Ricardo Pereira Baricati, some rights reserved (CC BY-NC)",https://www.inaturalist.org/observations/205124486,362647940,2022-12-14,"Mato Grosso do Sul, BR"
inat_362350264.jpg,tamandua_bandeira,Myrmecophaga tridactyla,CC-BY-NC,"(c) angelmirocamacho, some rights reserved (CC BY-NC)",https://www.inaturalist.org/observations/204966440,362350264,2024-04-01,"Casanare, CO"
inat_361161059.jpg,tamandua_bandeira,Myrmecophaga tridactyla,CC-BY-NC,"(c) Laurent Quéno, some rights reserved (CC BY-NC)",https://www.inaturalist.org/observations/204336006,361161059,2023-10-12,"Goiás, BR"
inat_361090135.jpg,tamandua_bandeira,Myrmecophaga tridactyla,CC-BY,"(c) Ryan F. Mandelbaum, some rights reserved (CC BY)",https://www.inaturalist.org/observations/204301695,361090135,2024-03-11,"Meta, CO"
inat_357690065.jpg,tamandua_bandeira,Myrmecophaga tridactyla,CC-BY-NC,"(c) MarcosHalemFelix, some rights reserved (CC BY-NC)",https://www.inaturalist.org/observations/202523788,357690065,2019-12-14,"Goiás, BR"
inat_357689753.jpg,tamandua_bandeira,Myrmecophaga tridactyla,CC-BY-NC,"(c) MarcosHalemFelix, some rights reserved (CC BY-NC)",https://www.inaturalist.org/observations/202523763,357689753,2019-12-15,"Bonito, BR-MS, BR"
inat_357568565.jpg,tamandua_bandeira,Myrmecophaga tridactyla,CC-BY-NC,"(c) MarcosHalemFelix, some rights reserved (CC BY-NC)",https://www.inaturalist.org/observations/202459277,357568565,2018-09-08,"Poconé, BR-MT, BR"
inat_356779687.jpg,tamandua_bandeira,Myrmecophaga tridactyla,CC-BY-NC,"(c) MarcosHalemFelix, some rights reserved (CC BY-NC)",https://www.inaturalist.org/observations/202053269,356779687,2022-10-17,"Poconé, BR-MT, BR"
inat_355260539.jpg,tamandua_bandeira,Myrmecophaga tridactyla,CC-BY-NC,"(c) UHE São Simão Energia, some rights reserved (CC BY-NC)",https://www.inaturalist.org/observations/201268297,355260539,2014-10-13,"Goiás, BR"
inat_355260310.jpg,tamandua_bandeira,Myrmecophaga tridactyla,CC-BY-NC,"(c) UHE São Simão Energia, some rights reserved (CC BY-NC)",https://www.inaturalist.org/observations/201268290,355260310,2014-11-20,"Goiás, BR"
inat_352009128.jpg,tamandua_bandeira,Myrmecophaga tridactyla,CC-BY-NC,"(c) Daniel Velasco C., some rights reserved (CC BY-NC)",https://www.inaturalist.org/observations/199596991,352009128,2023-11-07,"Orellana, EC"
inat_349722224.jpg,tamandua_bandeira,Myrmecophaga tridactyla,CC-BY,"(c) Thomaz Ricardo Favreto Sinani, some rights reserved (CC BY)",https://www.inaturalist.org/observations/198430273,349722224,2021-09-11,"Mato Grosso do Sul, BR"
inat_348930080.jpg,tamandua_bandeira,Myrmecophaga tridactyla,CC-BY-NC,"(c) Chris G Earley, some rights reserved (CC BY-NC)",https://www.inaturalist.org/observations/198026222,348930080,2022-10-14,"Aquidauana, BR-MS, BR"
inat_348602337.jpg,tamandua_bandeira,Myrmecophaga tridactyla,CC-BY-NC,"(c) Neil Rosser, some rights reserved (CC BY-NC)",https://www.inaturalist.org/observations/197864716,348602337,2016-11-19,"Roraima, BR"
inat_346283311.jpg,tamandua_bandeira,Myrmecophaga tridactyla,CC-BY-NC,"(c) gbrunvoll, some rights reserved (CC BY-NC)",https://www.inaturalist.org/observations/196717796,346283311,2013-09-25,"Mato Grosso, BR"
inat_345917023.jpg,tamandua_bandeira,Myrmecophaga tridactyla,CC-BY,"(c) djcooker, some rights reserved (CC BY)",https://www.inaturalist.org/observations/196473595,345917023,2023-09-11,"Mato Grosso, BR"
inat_345400367.jpg,tamandua_bandeira,Myrmecophaga tridactyla,CC-BY-NC,"(c) Arthur Toledo R. C. França, some rights reserved (CC BY-NC)",https://www.inaturalist.org/observations/196219907,345400367,2023-04-10,"Minas Gerais, BR"
inat_345106969.jpg,tamandua_bandeira,Myrmecophaga tridactyla,CC-BY-NC,"(c) Victoria Ho, some rights reserved (CC BY-NC)",https://www.inaturalist.org/observations/196074058,345106969,2023-10-23,"Mato Grosso do Sul, BR"
inat_344852367.jpg,tamandua_bandeira,Myrmecophaga tridactyla,CC-BY,"(c) Miguel José Rangel Junior, some rights reserved (CC BY)",https://www.inaturalist.org/observations/195946184,344852367,2018-11-02,"São Paulo, BR"
inat_343605085.jpg,tamandua_bandeira,Myrmecophaga tridactyla,CC-BY,"(c) Thomaz Ricardo Favreto Sinani, some rights reserved (CC BY)",https://www.inaturalist.org/observations/195331314,343605085,2023-12-16,"Mato Grosso do Sul, BR"
inat_343279739.jpg,tamandua_bandeira,Myrmecophaga tridactyla,CC-BY-NC,"(c) jo22nfrog, some rights reserved (CC BY-NC)",https://www.inaturalist.org/observations/195170816,343279739,2023-09-22,"Mato Grosso do Sul, BR"
inat_342782057.jpg,tamandua_bandeira,Myrmecophaga tridactyla,CC0,no rights reserved,https://www.inaturalist.org/observations/194927871,342782057,2023-12-20,"Miranda, BR-MS, BR"
inat_342068652.jpg,tamandua_bandeira,Myrmecophaga tridactyla,CC-BY-NC,"(c) Savimbo, some rights reserved (CC BY-NC)",https://www.inaturalist.org/observations/194580164,342068652,2022-12-04,"Sucumbios, EC"
inat_341782821.jpg,tamandua_bandeira,Myrmecophaga tridactyla,CC-BY-NC,"(c) Kelvin Mori, some rights reserved (CC BY-NC)",https://www.inaturalist.org/observations/194439969,341782821,2023-12-18,"Mato Grosso do Sul, BR"
inat_340818423.jpg,tamandua_bandeira,Myrmecophaga tridactyla,CC-BY-NC,"(c) carinber, some rights reserved (CC BY-NC)",https://www.inaturalist.org/observations/193961458,340818423,2023-12-14,
inat_340299255.jpg,tamandua_bandeira,Myrmecophaga tridactyla,CC-BY-NC,"(c) Tulio Dornas, some rights reserved (CC BY-NC)",https://www.inaturalist.org/observations/193703853,340299255,2019-05-08,"Tocantins, BR"
inat_339725537.jpg,tamandua_bandeira,Myrmecophaga tridactyla,CC-BY-NC,"(c) Pedro Igor Monteiro, some rights reserved (CC BY-NC)",https://www.inaturalist.org/observations/193392138,339725537,2023-12-06,"Aquidauana, BR-MS, BR"
inat_338916453.jpg,tamandua_bandeira,Myrmecophaga tridactyla,CC-BY-NC,"(c) Diego B.S Gomes, some rights reserved (CC BY-NC)",https://www.inaturalist.org/observations/192988472,338916453,2023-07-23,"Minas Gerais, BR"
inat_337446742.jpg,tamandua_bandeira,Myrmecophaga tridactyla,CC-BY-NC,"(c) Edgar Romero, some rights reserved (CC BY-NC)",https://www.inaturalist.org/observations/192247655,337446742,2023-11-26,"Villa Hayes, PY-PH, PY"
inat_336875582.jpg,tamandua_bandeira,Myrmecophaga tridactyla,CC-BY-NC,"(c) Savimbo, some rights reserved (CC BY-NC)",https://www.inaturalist.org/observations/191956873,336875582,2023-11-05,"Sucumbios, EC"
inat_336464365.jpg,tamandua_bandeira,Myrmecophaga tridactyla,CC-BY-NC,"(c) asanoth, some rights reserved (CC BY-NC)",https://www.inaturalist.org/observations/191750574,336464365,2022-06-28,"Aquidauana, BR-MS, BR"
inat_336247113.jpg,tamandua_bandeira,Myrmecophaga tridactyla,CC-BY-NC,"(c) harisson, some rights reserved (CC BY-NC)",https://www.inaturalist.org/observations/191644508,336247113,2022-08-04,"Bonfim, BR-RR, BR"
inat_335628642.jpg,tamandua_bandeira,Myrmecophaga tridactyla,CC-BY-NC,"(c) dudleyheins, some rights reserved (CC BY-NC)",https://www.inaturalist.org/observations/191332455,335628642,2023-10-15,"Poconé, BR-MT, BR"
inat_331994858.jpg,tamandua_bandeira,Myrmecophaga tridactyla,CC-BY-NC,"(c) Savimbo, some rights reserved (CC BY-NC)",https://www.inaturalist.org/observations/189505805,331994858,2023-10-12,"Putumayo, CO"
inat_331648576.jpg,tamandua_bandeira,Myrmecophaga tridactyla,CC-BY-NC,"(c) asanoth, some rights reserved (CC BY-NC)",https://www.inaturalist.org/observations/189337057,331648576,2016-07-16,"Corumbá, BR-MS, BR"
inat_330182664.jpg,tamandua_bandeira,Myrmecophaga tridactyla,CC-BY-NC,"(c) pkondrashov, some rights reserved (CC BY-NC)",https://www.inaturalist.org/observations/188619817,330182664,2022-09-25,"Aquidauana, BR-MS, BR"
inat_328384546.jpg,tamandua_bandeira,Myrmecophaga tridactyla,CC-BY-NC,"(c) Chris Payne, some rights reserved (CC BY-NC)",https://www.inaturalist.org/observations/187735655,328384546,2023-09-29,"Poconé, BR-MT, BR"
inat_326991106.jpg,tamandua_bandeira,Myrmecophaga tridactyla,CC-BY-NC,"(c) Holly Greening, some rights reserved (CC BY-NC)",https://www.inaturalist.org/observations/187032290,326991106,2018-07-23,"Mato Grosso, BR"
inat_326990881.jpg,tamandua_bandeira,Myrmecophaga tridactyla,CC-BY-NC,"(c) Holly Greening, some rights reserved (CC BY-NC)",https://www.inaturalist.org/observations/187032199,326990881,2018-07-23,"Mato Grosso, BR"
inat_326173183.jpg,tamandua_bandeira,Myrmecophaga tridactyla,CC-BY-NC,"(c) kleinlucas, some rights reserved (CC BY-NC)",https://www.inaturalist.org/observations/186621309,326173183,2023-10-06,"Rio Verde de Mato Grosso, BR-MS, BR"
inat_323065967.jpg,tamandua_bandeira,Myrmecophaga tridactyla,CC-BY-NC,"(c) Facundo Varela Barros, some rights reserved (CC BY-NC)",https://www.inaturalist.org/observations/185024727,323065967,2016-11-13,"Misiones, AR"
inat_322923158.jpg,tamandua_bandeira,Myrmecophaga tridactyla,CC-BY-NC,"(c) Adam Mallon, some rights reserved (CC BY-NC)",https://www.inaturalist.org/observations/184952556,322923158,2023-08-21,"Mato Grosso do Sul, BR"
inat_321482785.jpg,tamandua_bandeira,Myrmecophaga tridactyla,CC-BY,"(c) Carlos Otávio Gussoni, some rights reserved (CC BY)",https://www.inaturalist.org/observations/184192851,321482785,2023-09-20,"Mato Grosso do Sul, BR"
inat_313133539.jpg,tamandua_bandeira,Myrmecophaga tridactyla,CC-BY-NC,"(c) Oscar Rodriguez Scelza, some rights reserved (CC BY-NC)",https://www.inaturalist.org/observations/179822786,313133539,2023-08-23,"Pozo Colorado, PY-PH, PY"
inat_312965244.jpg,tamandua_bandeira,Myrmecophaga tridactyla,CC-BY-NC,"(c) Norton Santos, some rights reserved (CC BY-NC)",https://www.inaturalist.org/observations/179737975,312965244,2023-08-17,"Minas Gerais, BR"
inat_312045395.jpg,tamandua_bandeira,Myrmecophaga tridactyla,CC-BY-NC,"(c) reinaldogibin, some rights reserved (CC BY-NC)",https://www.inaturalist.org/observations/179252412,312045395,2023-08-17,"Minas Gerais, BR"
inat_304359760.jpg,tamandua_bandeira,Myrmecophaga tridactyla,CC-BY-NC,"(c) Aloys PICHARD, some rights reserved (CC BY-NC)",https://www.inaturalist.org/observations/175146107,304359760,2023-07-13,"Mato Grosso do Sul, BR"
inat_730520190.jpg,tatu,Euphractus sexcinctus,CC-BY-NC,"(c) Lief MacTavish, some rights reserved (CC BY-NC)",https://www.inaturalist.org/observations/398242655,730520190,2022-07-28,"Boquerón, PY"
inat_727752212.jpg,tatu,Euphractus sexcinctus,CC-BY-NC,"(c) Diário_selvagem!l, some rights reserved (CC BY-NC)",https://www.inaturalist.org/observations/396825766,727752212,2026-09-02,"Santa Cruz da Estrela, Santa Rita do Passa Quatro - SP, 13670-000, Brasil"
inat_723613921.jpg,tatu,Euphractus sexcinctus,CC-BY,"(c) Marcello Mastroianni Albuquerque Araújo, some rights reserved (CC BY)",https://www.inaturalist.org/observations/394694678,723613921,2026-07-23,"Custódia, PE, 56640-000, Brasil"
inat_723489405.jpg,tatu,Euphractus sexcinctus,CC-BY,"(c) Marcello Mastroianni Albuquerque Araújo, some rights reserved (CC BY)",https://www.inaturalist.org/observations/394629928,723489405,2026-07-23,"Custódia, PE, 56640-000, Brasil"
inat_712301492.jpg,tatu,Euphractus sexcinctus,CC-BY-NC,"(c) Minas Silvestre, some rights reserved (CC BY-NC)",https://www.inaturalist.org/observations/388889520,712301492,2022-10-12,"Heliodora - MG, Brasil"
inat_684903200.jpg,tatu,Euphractus sexcinctus,CC-BY-NC,"(c) brunojp77, some rights reserved (CC BY-NC)",https://www.inaturalist.org/observations/374700348,684903200,2026-06-22,"Açu - RN, Brasil"
inat_676701836.jpg,tatu,Euphractus sexcinctus,CC-BY-NC,"(c) Gergö Kokai, some rights reserved (CC BY-NC)",https://www.inaturalist.org/observations/370427911,676701836,2026-06-10,Bonito
inat_656884133.jpg,tatu,Euphractus sexcinctus,CC-BY-NC,"(c) micstamato, some rights reserved (CC BY-NC)",https://www.inaturalist.org/observations/360006858,656884133,2025-12-01,"Bebedouro - SP, Brasil"
inat_654981037.jpg,tatu,Euphractus sexcinctus,CC-BY-SA,"(c) vitordematos12, some rights reserved (CC BY-SA)",https://www.inaturalist.org/observations/359011636,654981037,2022-07-13,"Ourolândia - BA, Brasil"
inat_653847663.jpg,tatu,Euphractus sexcinctus,CC-BY,"(c) Nicola Crockford, some rights reserved (CC BY)",https://www.inaturalist.org/observations/358423070,653847663,2026-04-01,"Fazenda San Francisco Miranda - State of Mato Grosso do Sul, 79380-000, Brazil"
inat_618404272.jpg,tatu,Euphractus sexcinctus,CC-BY-NC,"(c) Rodrigo Maia, some rights reserved (CC BY-NC)",https://www.inaturalist.org/observations/339889853,618404272,2025-08-29,"Lajes, RN, BR"
inat_617825523.jpg,tatu,Euphractus sexcinctus,CC-BY-NC,"(c) Elder Franklin, some rights reserved (CC BY-NC)",https://www.inaturalist.org/observations/339080459,617825523,2026-02-17,"Jardim Roberto Benedetti, Ribeirão Preto - SP, 14097-140, Brasil"
inat_616100521.jpg,tatu,Euphractus sexcinctus,CC-BY-NC,"(c) Juliana, some rights reserved (CC BY-NC)",https://www.inaturalist.org/observations/338750791,616100521,2026-01-05,"HW85+Q3, Terezópolis de Goiás - GO, 75175-000, Brasil"
inat_613036715.jpg,tatu,Euphractus sexcinctus,CC-BY-NC,"(c) lucasmateus, some rights reserved (CC BY-NC)",https://www.inaturalist.org/observations/337253258,613036715,2024-07-28,"Tabuleiro do Norte - CE, Brasil"
inat_612691188.jpg,tatu,Euphractus sexcinctus,CC-BY-NC,"(c) Pedro, some rights reserved (CC BY-NC)",https://www.inaturalist.org/observations/337082219,612691188,2025-08-06,"Santa Vitória - MG, 38320-000, Brasil"
inat_612600342.jpg,tatu,Euphractus sexcinctus,CC-BY-NC,"(c) lucasmateus, some rights reserved (CC BY-NC)",https://www.inaturalist.org/observations/337038806,612600342,2026-01-17,"Tabuleiro do Norte - CE, Brasil"
inat_607748482.jpg,tatu,Euphractus sexcinctus,CC-BY-NC,"(c) Yby Naturalista, some rights reserved (CC BY-NC)",https://www.inaturalist.org/observations/334639589,607748482,2026-01-04,YBY Natureza Condomínio Reserva
inat_607255654.jpg,tatu,Euphractus sexcinctus,CC-BY-NC,"(c) Miguel Beloch, some rights reserved (CC BY-NC)",https://www.inaturalist.org/observations/334397773,607255654,2026-01-09,"Cocos, BA, BR"
inat_606886896.jpg,tatu,Euphractus sexcinctus,CC-BY-NC,"(c) Ellyson Gabriel, some rights reserved (CC BY-NC)",https://www.inaturalist.org/observations/334217534,606886896,2026-01-10,"CXMG+53, Bom Jardim - MA, 65380-000, Brasil"
inat_604913526.jpg,tatu,Euphractus sexcinctus,CC-BY-NC,"(c) Yby Naturalista, some rights reserved (CC BY-NC)",https://www.inaturalist.org/observations/333237415,604913526,2025-12-22,YBY Natureza Condomínio Reserva
inat_604141245.jpg,tatu,Euphractus sexcinctus,CC-BY-NC,"(c) Guillermo Menéndez, some rights reserved (CC BY-NC)",https://www.inaturalist.org/observations/332844134,604141245,2025-04-17,"Pozo Colorado, PY-PH, PY"
inat_602152068.jpg,tatu,Euphractus sexcinctus,CC-BY-NC,"(c) Gabi Astorga, some rights reserved (CC BY-NC)",https://www.inaturalist.org/observations/331876385,602152068,2024-04-14,"Estância Caiman S/N Zona Rural - Taunay, Miranda - MS, 79380-000, Brasil"
inat_601828382.jpg,tatu,Euphractus sexcinctus,CC-BY-NC,"(c) Fernando Tavares., some rights reserved (CC BY-NC)",https://www.inaturalist.org/observations/331716940,601828382,2025-12-22,"Estrada Mambaí-Cocos, Km 45 Zona Rural, Jaborandi - BA, 47655-000, Brasil"
inat_601763481.jpg,tatu,Euphractus sexcinctus,CC-BY-NC,"(c) Glenn Barrett, some rights reserved (CC BY-NC)",https://www.inaturalist.org/observations/331685329,601763481,2025-10-10,"Aquidauana, MS, BR"
inat_601116483.jpg,tatu,Euphractus sexcinctus,CC-BY-NC,"(c) Yby Naturalista, some rights reserved (CC BY-NC)",https://www.inaturalist.org/observations/331367612,601116483,2025-12-11,YBY Natureza Condomínio Reserva
inat_600702685.jpg,tatu,Euphractus sexcinctus,CC-BY-NC,"(c) lucasdrf, some rights reserved (CC BY-NC)",https://www.inaturalist.org/observations/331167712,600702685,2024-10-14,"Praia de Ponta Negra s/n - Ponta Negra, Natal - RN, 59090-210, Brasil"
inat_599913902.jpg,tatu,Euphractus sexcinctus,CC-BY-NC,"(c) Hoiman, some rights reserved (CC BY-NC)",https://www.inaturalist.org/observations/330785215,599913902,2025-10-19,"Aquidauana - State of Mato Grosso do Sul, Brazil"
inat_598098449.jpg,tatu,Euphractus sexcinctus,CC-BY-NC,"(c) Juliana Mélo, some rights reserved (CC BY-NC)",https://www.inaturalist.org/observations/329821031,598098449,2025-10-28,"PFVX+5R - Gameleira, Mogeiro - PB, 58375-000, Brasil"
inat_596693145.jpg,tatu,Euphractus sexcinctus,CC-BY-NC,"(c) joao_muniz, some rights reserved (CC BY-NC)",https://www.inaturalist.org/observations/329204429,596693145,2025-12-01,"Jaborandi - BA, Brasil"
inat_594469470.jpg,tatu,Euphractus sexcinctus,CC-BY,"(c) Thomaz de Carvalho Callado, some rights reserved (CC BY)",https://www.inaturalist.org/observations/328099143,594469470,2025-11-03,"Cerro Corá, BR-RN, BR"
inat_589342573.jpg,tatu,Euphractus sexcinctus,CC-BY-NC,"(c) projeto_ciencia_cidada_usppira, some rights reserved (CC BY-NC)",https://www.inaturalist.org/observations/325495607,589342573,2025-10-24,"Pirassununga, SP, BR"
inat_585606044.jpg,tatu,Euphractus sexcinctus,CC-BY-NC,"(c) Ashton Reiser, some rights reserved (CC BY-NC)",https://www.inaturalist.org/observations/323622260,585606044,2025-10-27,"Aquidauana, MS, BR"
inat_585019681.jpg,tatu,Euphractus sexcinctus,CC-BY-NC,"(c) Erick Araújo, some rights reserved (CC BY-NC)",https://www.inaturalist.org/observations/323327003,585019681,2025-10-26,"Guaraciaba do Norte - Ceará, 62380-000, Brasile"
inat_583731971.jpg,tatu,Euphractus sexcinctus,CC-BY-NC,"(c) Yby Naturalista, some rights reserved (CC BY-NC)",https://www.inaturalist.org/observations/322655518,583731971,2025-10-23,YBY Natureza Condomínio Reserva
inat_582631779.jpg,tatu,Euphractus sexcinctus,CC-BY-NC,"(c) rmooi, some rights reserved (CC BY-NC)",https://www.inaturalist.org/observations/322111888,582631779,2025-10-01,"Aquidauana - State of Mato Grosso do Sul, Brazil"
inat_582221833.jpg,tatu,Euphractus sexcinctus,CC-BY-NC,"(c) biologomessias, some rights reserved (CC BY-NC)",https://www.inaturalist.org/observations/321900335,582221833,2024-08-11,"Auriflama, SP, BR"
inat_581267047.jpg,tatu,Euphractus sexcinctus,CC-BY-NC,"(c) Stefan, some rights reserved (CC BY-NC)",https://www.inaturalist.org/observations/321406286,581267047,2025-10-02,"Fazenda São José Zona Rural - Taunay, Aquidauana - MS, 79200-000, Brazil"
inat_581038460.jpg,tatu,Euphractus sexcinctus,CC-BY-NC,"(c) chrishorton, some rights reserved (CC BY-NC)",https://www.inaturalist.org/observations/321293325,581038460,2025-10-14,"Cocos, BA, BR"
inat_580024754.jpg,tatu,Euphractus sexcinctus,CC-BY-NC,"(c) biologomessias, some rights reserved (CC BY-NC)",https://www.inaturalist.org/observations/320774416,580024754,2024-07-30,"Rua Afonso Pena, Araçatuba, SP, BR"
inat_579603913.jpg,tatu,Euphractus sexcinctus,CC-BY-NC,"(c) Lucas de Oliveira, some rights reserved (CC BY-NC)",https://www.inaturalist.org/observations/320560851,579603913,2025-10-12,"Cachoeira Alta - GO, 75870-000, Brasil"
inat_578202900.jpg,tatu,Euphractus sexcinctus,CC-BY-NC,"(c) Davi Sena, some rights reserved (CC BY-NC)",https://www.inaturalist.org/observations/319839569,578202900,2025-10-09,"Mogeiro, PB, Brasil"
inat_577432467.jpg,tatu,Euphractus sexcinctus,CC-BY-NC,"(c) maycon777, some rights reserved (CC BY-NC)",https://www.inaturalist.org/observations/319438435,577432467,2025-10-07,"Mogeiro, PB, BR"
inat_576743679.jpg,tatu,Euphractus sexcinctus,CC-BY-NC,"(c) janetfelty, some rights reserved (CC BY-NC)",https://www.inaturalist.org/observations/319229325,576743679,2025-09-28,"Fazenda São José Zona Rural - Taunay, Aquidauana - MS, 79200-000, Brazil"
inat_576547135.jpg,tatu,Euphractus sexcinctus,CC-BY,"(c) Josh Noseworthy, some rights reserved (CC BY)",https://www.inaturalist.org/observations/318978979,576547135,2025-10-04,"Porto Estrela - State of Mato Grosso, 78398-000, Brazil"
inat_574086387.jpg,tatu,Euphractus sexcinctus,CC-BY-NC,"(c) elissapelsje, some rights reserved (CC BY-NC)",https://www.inaturalist.org/observations/317687134,574086387,2025-05-26,"Mato Grosso do Sul, BR"
inat_570608262.jpg,tatu,Euphractus sexcinctus,CC-BY-NC,"(c) projetocaatinga, some rights reserved (CC BY-NC)",https://www.inaturalist.org/observations/315846077,570608262,2025-07-29,"Santa Maria da Boa Vista, PE, Brasil"
inat_569451324.jpg,tatu,Euphractus sexcinctus,CC-BY-NC,"(c) Bruce Wedderburn, some rights reserved (CC BY-NC)",https://www.inaturalist.org/observations/315233938,569451324,2025-09-20,"Anastácio - State of Mato Grosso do Sul, Brazil"
inat_566516888.jpg,tatu,Euphractus sexcinctus,CC-BY-NC,"(c) J. Ribamar S. Amarante, some rights reserved (CC BY-NC)",https://www.inaturalist.org/observations/313697437,566516888,2024-10-06,"Barão de Grajaú - MA, 65660-000, Brasil"
inat_563854801.jpg,tatu,Euphractus sexcinctus,CC-BY-SA,"(c) Jonathan Lorencetti Ehlert, some rights reserved (CC BY-SA)",https://www.inaturalist.org/observations/312313574,563854801,2023-06-04,"Poconé - MT, 78175-000, Brasil"
inat_560973741.jpg,tatu,Euphractus sexcinctus,CC-BY-NC,"(c) Yby Naturalista, some rights reserved (CC BY-NC)",https://www.inaturalist.org/observations/310930318,560973741,2025-08-31,YBY Natureza Condomínio Reserva
inat_561018742.jpg,tatu,Euphractus sexcinctus,CC-BY-NC,"(c) estaiano, some rights reserved (CC BY-NC)",https://www.inaturalist.org/observations/310822765,561018742,2025-09-01,"Corumbá, MS, BR"
inat_557832150.jpg,tatu,Euphractus sexcinctus,CC-BY,"(c) Conrado Pável de Oliveira, some rights reserved (CC BY)",https://www.inaturalist.org/observations/309148915,557832150,2025-08-23,"Barra do Garças - MT, 78600-000, Brasil"
inat_552957163.jpg,tatu,Euphractus sexcinctus,CC-BY-NC,"(c) cicarvalhom, some rights reserved (CC BY-NC)",https://www.inaturalist.org/observations/306614317,552957163,2025-08-11,"Bodoquena, BR-MS, BR"
inat_551604436.jpg,tatu,Euphractus sexcinctus,CC0,no rights reserved,https://www.inaturalist.org/observations/305906989,551604436,2025-08-02,"Estância Caiman S/N Zona Rural - Taunay, Miranda - MS, 79380-000, Brazil"
inat_551565999.jpg,tatu,Euphractus sexcinctus,CC-BY,"(c) Thomaz de Carvalho Callado, some rights reserved (CC BY)",https://www.inaturalist.org/observations/305887267,551565999,2025-07-06,"São Bento do Norte - RN, Brasil"
inat_548129810.jpg,tatu,Euphractus sexcinctus,CC-BY-NC,"(c) Gise, some rights reserved (CC BY-NC)",https://www.inaturalist.org/observations/304077735,548129810,2022-06-25,"Parque Nacional El Palmar, Kilómetro 198, E3287 Ubajay, Entre Ríos, Argentina"
inat_546664158.jpg,tatu,Euphractus sexcinctus,CC-BY-NC,"(c) Leandro Maracahipes, some rights reserved (CC BY-NC)",https://www.inaturalist.org/observations/303305032,546664158,2020-10-14,"Querência - State of Mato Grosso, 78643-000, Brazil"
inat_546458516.jpg,tatu,Euphractus sexcinctus,CC-BY-NC,"(c) Josimar Goulart, some rights reserved (CC BY-NC)",https://www.inaturalist.org/observations/303196344,546458516,2025-07-28,"Baú, Estrela do Indaiá - MG, 35613-000, Brasil"
inat_545147225.jpg,tatu,Euphractus sexcinctus,CC-BY-NC,"(c) Pedro, some rights reserved (CC BY-NC)",https://www.inaturalist.org/observations/302489434,545147225,2025-07-10,"Américo Brasiliense - SP, Brasil"
inat_543447890.jpg,tatu,Euphractus sexcinctus,CC-BY-NC,"(c) Luana Terra Argoud, some rights reserved (CC BY-NC)",https://www.inaturalist.org/observations/301578512,543447890,2024-10-26,"São Carlos, SP, Brasil"
inat_542808526.jpg,tatu,Euphractus sexcinctus,CC-BY-NC,"(c) remip2, some rights reserved (CC BY-NC)",https://www.inaturalist.org/observations/301235380,542808526,2025-07-26,"Rosário Oeste, MT, BR"
inat_541397805.jpg,tatu,Euphractus sexcinctus,CC-BY,"(c) Carlos Otávio Gussoni, some rights reserved (CC BY)",https://www.inaturalist.org/observations/300474018,541397805,2025-07-18,"Fazenda São José Zona Rural - Taunay, Aquidauana - MS, 79200-000, Brasil"
inat_537263566.jpg,tatu,Euphractus sexcinctus,CC-BY-NC,"(c) javierluque89, some rights reserved (CC BY-NC)",https://www.inaturalist.org/observations/298281388,537263566,2019-04-19,"Mburucuyá, Corrientes, Argentina"
inat_537262902.jpg,tatu,Euphractus sexcinctus,CC-BY-NC,"(c) javierluque89, some rights reserved (CC BY-NC)",https://www.inaturalist.org/observations/298281387,537262902,2025-06-01,"Mburucuyá, Corrientes, Argentina"
inat_537262712.jpg,tatu,Euphractus sexcinctus,CC-BY-NC,"(c) javierluque89, some rights reserved (CC BY-NC)",https://www.inaturalist.org/observations/298281386,537262712,2025-06-01,"Mburucuyá, Corrientes, Argentina"
inat_537002495.jpg,tatu,Euphractus sexcinctus,CC-BY-NC,"(c) Wilco Vertegaal, some rights reserved (CC BY-NC)",https://www.inaturalist.org/observations/298144548,537002495,2025-07-05,"Poconé - Mato Grosso, 78175-000, Brazilië"
inat_535198450.jpg,tatu,Euphractus sexcinctus,CC-BY-NC,"(c) A. C., some rights reserved (CC BY-NC)",https://www.inaturalist.org/observations/297187213,535198450,2025-07-02,"4F4C+59 - Águas de Miranda, Bonito - MS, 79290-000, Brazil"
inat_530966673.jpg,tatu,Euphractus sexcinctus,CC-BY-NC,"(c) Vinícius Oliveira, some rights reserved (CC BY-NC)",https://www.inaturalist.org/observations/294967106,530966673,2025-05-24,"7G9P+P4 - Córrego do Barro, Pará de Minas - MG, Brasil"
inat_519274650.jpg,tatu,Euphractus sexcinctus,CC-BY-NC,"(c) Amanda Biral, some rights reserved (CC BY-NC)",https://www.inaturalist.org/observations/288734626,519274650,2025-06-06,"Pirassununga, SP, 13636, Brasil"
inat_518216835.jpg,tatu,Euphractus sexcinctus,CC-BY-NC,"(c) Lucas Lima (Lima, L.M.), some rights reserved (CC BY-NC)",https://www.inaturalist.org/observations/288176993,518216835,2025-06-08,"Paraíba, BR"
inat_508839906.jpg,tatu,Euphractus sexcinctus,CC-BY-NC,"(c) KENNEDY BORGES, some rights reserved (CC BY-NC)",https://www.inaturalist.org/observations/283196377,508839906,2025-05-19,"Chapadão do Céu - GO, 75828-000, Brasil"
inat_503693905.jpg,tatu,Euphractus sexcinctus,CC-BY-NC,"(c) berrecacascuda, some rights reserved (CC BY-NC)",https://www.inaturalist.org/observations/280448097,503693905,2023-10-31,"Ilha do Bananal - TO, Brasil"
inat_501954143.jpg,tatu,Euphractus sexcinctus,CC-BY-NC,"(c) Mariana Rebouças, some rights reserved (CC BY-NC)",https://www.inaturalist.org/observations/279527160,501954143,2025-05-02,"Caucaia - CE, Brasil"
inat_501013025.jpg,tatu,Euphractus sexcinctus,CC-BY-NC,"(c) Victor Fávaro Augusto, some rights reserved (CC BY-NC)",https://www.inaturalist.org/observations/279015787,501013025,2024-06-08,"Cassilândia, MS, 79540-000, Brazil"
inat_489739033.jpg,tatu,Euphractus sexcinctus,CC-BY-NC,"(c) Iron Veras, some rights reserved (CC BY-NC)",https://www.inaturalist.org/observations/272222676,489739033,2025-04-03,"Sinop, BR-MT, BR"
inat_489281599.jpg,tatu,Euphractus sexcinctus,CC-BY-NC,"(c) Teixeira, some rights reserved (CC BY-NC)",https://www.inaturalist.org/observations/271978164,489281599,2025-03-20,"São João Batista do Glória - MG, 37920-000, Brasil"
inat_488019204.jpg,tatu,Euphractus sexcinctus,CC-BY-NC,"(c) jo22nfrog, some rights reserved (CC BY-NC)",https://www.inaturalist.org/observations/271311970,488019204,2025-04-18,"Bodoquena, MS, BR"
inat_483266303.jpg,tatu,Euphractus sexcinctus,CC-BY-NC,"(c) Isac Menezes, some rights reserved (CC BY-NC)",https://www.inaturalist.org/observations/268828196,483266303,2025-04-05,"Travessa Alexandre Mendes, São Bernardo, MA, BR"
inat_483227565.jpg,tatu,Euphractus sexcinctus,CC-BY-NC,"(c) leojales, some rights reserved (CC BY-NC)",https://www.inaturalist.org/observations/268809321,483227565,2025-04-05,"Sabiaguaba, Fortaleza - CE, Brasil"
inat_480960223.jpg,tatu,Euphractus sexcinctus,CC-BY-NC,"(c) Agny Vitória, some rights reserved (CC BY-NC)",https://www.inaturalist.org/observations/267620846,480960223,2025-03-29,"Cocos, BA, 47680-000, Brasil"
inat_478250491.jpg,tatu,Euphractus sexcinctus,CC-BY,"(c) Leonel Roget, some rights reserved (CC BY)",https://www.inaturalist.org/observations/266193025,478250491,2025-03-09,"Formosa, Argentina"
inat_477444953.jpg,tatu,Euphractus sexcinctus,CC-BY-NC,"(c) Ludvik, some rights reserved (CC BY-NC)",https://www.inaturalist.org/observations/265775835,477444953,2023-11-12,"Avenida José Vicente Aiello, Bauru, SP, BR"
inat_476613003.jpg,tatu,Euphractus sexcinctus,CC-BY-NC,"(c) Alessandra Guimarães, some rights reserved (CC BY-NC)",https://www.inaturalist.org/observations/265350343,476613003,2025-03-13,"São Geraldo Do Araguaia, PA, BR"
inat_474847597.jpg,tatu,Euphractus sexcinctus,CC-BY-NC,"(c) luamuritiba, some rights reserved (CC BY-NC)",https://www.inaturalist.org/observations/264418206,474847597,2025-02-01,
inat_474666619.jpg,tatu,Euphractus sexcinctus,CC-BY-NC,"(c) Glauko Corrêa || Proaves Rondoni, some rights reserved (CC BY-NC)",https://www.inaturalist.org/observations/264163191,474666619,2018-11-28,"Cacoal - RO, Brasil"
inat_473159390.jpg,tatu,Euphractus sexcinctus,CC-BY,"(c) Thomaz de Carvalho Callado, some rights reserved (CC BY)",https://www.inaturalist.org/observations/263387981,473159390,2025-02-14,"Caiçara do Rio do Vento - RN, Brasil"
inat_472958811.jpg,tatu,Euphractus sexcinctus,CC-BY-NC,"(c) Michelle Graydon, some rights reserved (CC BY-NC)",https://www.inaturalist.org/observations/263284182,472958811,2024-11-04,"Aquidauana - State of Mato Grosso do Sul, Brazil"
inat_465030264.jpg,tatu,Euphractus sexcinctus,CC-BY-NC,"(c) Yby Naturalista, some rights reserved (CC BY-NC)",https://www.inaturalist.org/observations/259100259,465030264,2025-01-20,YBY Natureza Condomínio Reserva
inat_462976954.jpg,tatu,Euphractus sexcinctus,CC-BY-NC,"(c) Yby Naturalista, some rights reserved (CC BY-NC)",https://www.inaturalist.org/observations/258075419,462976954,2025-01-10,YBY Natureza Condomínio Reserva
inat_461205997.jpg,tatu,Euphractus sexcinctus,CC-BY-NC,"(c) Nadja Simbera Hemetrio, some rights reserved (CC BY-NC)",https://www.inaturalist.org/observations/257135837,461205997,2025-01-01,"Quartel de São João, Quartel Geral - MG, Brasil"
inat_459583355.jpg,tatu,Euphractus sexcinctus,CC-BY-NC,"(c) Chris G Earley, some rights reserved (CC BY-NC)",https://www.inaturalist.org/observations/256343724,459583355,2024-10-08,"BZ - Aguape - Fazenda São José Zona Rural - Taunay, Aquidauana - MS, 79200-000, Brazil"
inat_458084017.jpg,tatu,Euphractus sexcinctus,CC-BY,"(c) Emily Turteltaub Nelson, some rights reserved (CC BY)",https://www.inaturalist.org/observations/255600346,458084017,2024-10-29,"Barba Azul Nature Reserve, Santa Rita, Bolivia"
inat_458081720.jpg,tatu,Euphractus sexcinctus,CC-BY,"(c) Emily Turteltaub Nelson, some rights reserved (CC BY)",https://www.inaturalist.org/observations/255599436,458081720,2022-10-12,"Aquidauana - State of Mato Grosso do Sul, Brazil"
inat_457021209.jpg,tatu,Euphractus sexcinctus,CC-BY-NC,"(c) Yby Naturalista, some rights reserved (CC BY-NC)",https://www.inaturalist.org/observations/255069005,457021209,2024-12-14,"Avenida Ásia, 230 - Parque das Nacoes, Parnamirim - RN, 59158-757, Brazil"
inat_456614111.jpg,tatu,Euphractus sexcinctus,CC-BY-NC,"(c) leealloway, some rights reserved (CC BY-NC)",https://www.inaturalist.org/observations/254867325,456614111,2024-11-04,"Poxoréo - State of Mato Grosso, Brazil"
inat_456613957.jpg,tatu,Euphractus sexcinctus,CC-BY-NC,"(c) leealloway, some rights reserved (CC BY-NC)",https://www.inaturalist.org/observations/254867287,456613957,2024-11-04,"Poxoréo - State of Mato Grosso, Brazil"
inat_456561017.jpg,tatu,Euphractus sexcinctus,CC-BY-NC,"(c) Juliana Nascimento Martins, some rights reserved (CC BY-NC)",https://www.inaturalist.org/observations/254841149,456561017,2024-12-01,"Fazenda São José Zona Rural - Taunay, Aquidauana - MS, 79200-000, Brasil"
inat_454730775.jpg,tatu,Euphractus sexcinctus,CC-BY-NC,"(c) Valter K. Filho, some rights reserved (CC BY-NC)",https://www.inaturalist.org/observations/253926735,454730775,2009-10-09,"Parque Nacional das Emas, Parque Nacional das Emas Go, Chapadão do Céu - GO, 75828-000, Brasil"
inat_454724667.jpg,tatu,Euphractus sexcinctus,CC-BY-NC,"(c) Valter K. Filho, some rights reserved (CC BY-NC)",https://www.inaturalist.org/observations/253923408,454724667,2014-08-28,"Costa Rica - MS, 79550-000, Brasil"
inat_454144729.jpg,tatu,Euphractus sexcinctus,CC-BY-NC,"(c) susanbrauning, some rights reserved (CC BY-NC)",https://www.inaturalist.org/observations/253613660,454144729,2024-10-09,"Aquidauana - State of Mato Grosso do Sul, Brazil"
inat_452062042.jpg,tatu,Euphractus sexcinctus,CC-BY-NC,"(c) leticiaoriguela, some rights reserved (CC BY-NC)",https://www.inaturalist.org/observations/252522342,452062042,2024-11-21,"Olímpia, SP, BR"
inat_451779941.jpg,tatu,Euphractus sexcinctus,CC-BY-NC,"(c) Rafael Dornelles da Cruz, some rights reserved (CC BY-NC)",https://www.inaturalist.org/observations/252377510,451779941,2024-03-06,"Brasnorte - MT, Brasil"
inat_450203808.jpg,tatu,Euphractus sexcinctus,CC-BY-NC,"(c) Yby Naturalista, some rights reserved (CC BY-NC)",https://www.inaturalist.org/observations/251593965,450203808,2024-11-13,YBY Natureza Condomínio Reserva
inat_446316824.jpg,tatu,Euphractus sexcinctus,CC-BY-NC,"(c) Patrick James, some rights reserved (CC BY-NC)",https://www.inaturalist.org/observations/249652161,446316824,2024-10-25,"Aquidauana, MS, 79200-000, Brazil"
inat_444211518.jpg,tatu,Euphractus sexcinctus,CC-BY-NC,"(c) MarcosHalemFelix, some rights reserved (CC BY-NC)",https://www.inaturalist.org/observations/248589846,444211518,2024-09-17,"Poconé - State of Mato Grosso, 78175-000, Brazil"
inat_440656325.jpg,tatu,Euphractus sexcinctus,CC-BY-NC,"(c) Valter K. Filho, some rights reserved (CC BY-NC)",https://www.inaturalist.org/observations/246795907,440656325,2014-08-28,"Chapadão do Céu - GO, 75828-000, Brasil"
inat_439426056.jpg,tatu,Euphractus sexcinctus,CC-BY-NC,"(c) KENNEDY BORGES, some rights reserved (CC BY-NC)",https://www.inaturalist.org/observations/246176832,439426056,2024-09-24,"Parque Nacional das Emas, Parque Nacional das Emas Go, Chapadão do Céu - GO, 75828-000, Brasil"
inat_437365597.jpg,tatu,Euphractus sexcinctus,CC-BY-NC,"(c) travellerthomas, some rights reserved (CC BY-NC)",https://www.inaturalist.org/observations/245130347,437365597,2017-07-19,"Poconé - Mato Grosso, 78175-000, Brazilië"
inat_436365037.jpg,tatu,Euphractus sexcinctus,CC-BY,"(c) Holger Braun, some rights reserved (CC BY)",https://www.inaturalist.org/observations/244616844,436365037,2024-09-22,"Mburucuyá, Corrientes, Argentina"
inat_436248220.jpg,tatu,Euphractus sexcinctus,CC-BY-NC,"(c) lenoreatwood, some rights reserved (CC BY-NC)",https://www.inaturalist.org/observations/244558628,436248220,2024-09-11,"Rua Pedro Celestino, Campo Grande, MS, BR"
inat_434617824.jpg,tatu,Euphractus sexcinctus,CC-BY-NC,"(c) dennyeduardo, some rights reserved (CC BY-NC)",https://www.inaturalist.org/observations/243716144,434617824,2013-07-10,"Limeira do Oeste - MG, 38295-000, Brasil"
inat_434188735.jpg,tatu,Euphractus sexcinctus,CC-BY,"(c) Navin Sasikumar, some rights reserved (CC BY)",https://www.inaturalist.org/observations/243492974,434188735,2024-09-08,"Aquidauana - State of Mato Grosso do Sul, Brazil"
inat_434143610.jpg,tatu,Euphractus sexcinctus,CC-BY,"(c) Navin Sasikumar, some rights reserved (CC BY)",https://www.inaturalist.org/observations/243469916,434143610,2024-09-08,"Aquidauana - State of Mato Grosso do Sul, Brazil"
inat_434036007.jpg,tatu,Euphractus sexcinctus,CC-BY,"(c) Navin Sasikumar, some rights reserved (CC BY)",https://www.inaturalist.org/observations/243415561,434036007,2024-09-07,"Aquidauana - State of Mato Grosso do Sul, Brazil"
inat_434035973.jpg,tatu,Euphractus sexcinctus,CC-BY,"(c) Navin Sasikumar, some rights reserved (CC BY)",https://www.inaturalist.org/observations/243415558,434035973,2024-09-07,"Aquidauana - State of Mato Grosso do Sul, Brazil"
inat_431694538.jpg,tatu,Euphractus sexcinctus,CC-BY-NC,"(c) Valter K. Filho, some rights reserved (CC BY-NC)",https://www.inaturalist.org/observations/242164346,431694538,2014-08-28,"Chapadão do Céu - GO, 75828-000, Brasil"
inat_426220950.jpg,tatu,Euphractus sexcinctus,CC-BY-NC,"(c) David J Barton, some rights reserved (CC BY-NC)",https://www.inaturalist.org/observations/239326503,426220950,2024-08-18,"Poconé - State of Mato Grosso, 78175-000, Brazil"
inat_425320594.jpg,tatu,Euphractus sexcinctus,CC-BY-NC,"(c) Lucas Lima (Lima, L.M.), some rights reserved (CC BY-NC)",https://www.inaturalist.org/observations/238862825,425320594,2024-08-30,"Soledade, PB, Brasil"
inat_424284977.jpg,tatu,Euphractus sexcinctus,CC-BY,"(c) Celso Henrique Varela Rios, some rights reserved (CC BY)",https://www.inaturalist.org/observations/238328060,424284977,2024-08-10,"Salitre de Minas, Patrocínio - MG, 38740-000, Brasil"
inat_421159500.jpg,tatu,Euphractus sexcinctus,CC-BY-NC,"(c) marcel_deventer, some rights reserved (CC BY-NC)",https://www.inaturalist.org/observations/236702767,421159500,2024-08-17,"Jardim, MS, BR"
inat_419602518.jpg,tatu,Euphractus sexcinctus,CC-BY-NC,"(c) Adriano Luiz de Faria, some rights reserved (CC BY-NC)",https://www.inaturalist.org/observations/235900350,419602518,2024-08-11,"RHMX+MC, Ituiutaba - MG, Brasil"
inat_418554759.jpg,tatu,Euphractus sexcinctus,CC-BY-NC,"(c) badewitt, some rights reserved (CC BY-NC)",https://www.inaturalist.org/observations/235357515,418554759,2024-08-12,"Rodovia Santos Dumont, Belém Do São Francisco, PE, BR"
inat_409488343.jpg,tatu,Euphractus sexcinctus,CC-BY,"(c) Miguel José Rangel Junior, some rights reserved (CC BY)",https://www.inaturalist.org/observations/230610255,409488343,2024-06-30,"Santa Fé do Sul - SP, Brasil"
inat_407569939.jpg,tatu,Euphractus sexcinctus,CC-BY,"(c) Gonzalo Romero, some rights reserved (CC BY)",https://www.inaturalist.org/observations/229600032,407569939,2024-07-13,"Colón, Entre Ríos, Argentina"
inat_406644990.jpg,tatu,Euphractus sexcinctus,CC-BY-NC,"(c) pazuzu2021, some rights reserved (CC BY-NC)",https://www.inaturalist.org/observations/229077184,406644990,2024-07-09,Bodoquena
inat_392984744.jpg,tatu,Euphractus sexcinctus,CC-BY-NC,"(c) Cleantony B.F. Torres, some rights reserved (CC BY-NC)",https://www.inaturalist.org/observations/221898818,392984744,2024-06-06,"São Gonçalo do Amarante - CE, Brasil"
inat_392937775.jpg,tatu,Euphractus sexcinctus,CC-BY-NC,"(c) alexandrefm8, some rights reserved (CC BY-NC)",https://www.inaturalist.org/observations/221862047,392937775,2024-05-31,"Serra Negra Do Norte, RN, BR"
inat_390900612.jpg,tatu,Euphractus sexcinctus,CC-BY-NC,"(c) KENNEDY BORGES, some rights reserved (CC BY-NC)",https://www.inaturalist.org/observations/220769434,390900612,2024-06-01,"Alcinópolis - MS, 79530-000, Brasil"
inat_390530097.jpg,tatu,Euphractus sexcinctus,CC-BY,"(c) Fábio Olmos, some rights reserved (CC BY)",https://www.inaturalist.org/observations/220571302,390530097,2005-01-06,"João Costa - PI, Brasil"
inat_389165708.jpg,tatu,Euphractus sexcinctus,CC-BY-SA,"(c) Francisco V. Bezerra Neto, some rights reserved (CC BY-SA)",https://www.inaturalist.org/observations/219845350,389165708,2024-06-01,"Vila Bom Jesus, Arinos - MG, 38680-000, Brasil"
inat_387597136.jpg,tatu,Euphractus sexcinctus,CC-BY-NC,"(c) Alexia Motos, some rights reserved (CC BY-NC)",https://www.inaturalist.org/observations/218914546,387597136,2024-05-25,"Jaborandi, BA, BR"
inat_386540989.jpg,tatu,Euphractus sexcinctus,CC-BY-NC,"(c) Chris Bell, some rights reserved (CC BY-NC)",https://www.inaturalist.org/observations/218442515,386540989,2024-05-26,"Aquidauana, MS, BR"
inat_385117776.jpg,tatu,Euphractus sexcinctus,CC-BY-NC,"(c) Araújo, some rights reserved (CC BY-NC)",https://www.inaturalist.org/observations/217680709,385117776,2023-09-13,"Curaçá - BA, Brasil"
inat_384835819.jpg,tatu,Euphractus sexcinctus,CC-BY-NC,"(c) Nereston (Nelinho) Camargo, some rights reserved (CC BY-NC)",https://www.inaturalist.org/observations/217531095,384835819,2017-09-07,"Cláudia, MT, 78540-000, Brasil"
inat_384521308.jpg,tatu,Euphractus sexcinctus,CC-BY-NC,"(c) Pamella Melo, some rights reserved (CC BY-NC)",https://www.inaturalist.org/observations/217362396,384521308,2023-11-09,"Nova Ponte - MG, 38160-000, Brasil"
inat_383660285.jpg,tatu,Euphractus sexcinctus,CC-BY-NC,"(c) Alexia Motos, some rights reserved (CC BY-NC)",https://www.inaturalist.org/observations/216909669,383660285,2024-05-13,"Jaborandi, BA, BR"
inat_382468468.jpg,tatu,Euphractus sexcinctus,CC-BY-NC,"(c) Lucas Leuzinger, some rights reserved (CC BY-NC)",https://www.inaturalist.org/observations/216268385,382468468,2023-07-28,"Aquidauana - Mato Grosso do Sul, Brasilien"
inat_382463193.jpg,tatu,Euphractus sexcinctus,CC-BY-NC,"(c) Lucas Leuzinger, some rights reserved (CC BY-NC)",https://www.inaturalist.org/observations/216265932,382463193,2013-08-21,"Aquidauana, MS, 79200-000, Brasilien"
inat_382462994.jpg,tatu,Euphractus sexcinctus,CC-BY-NC,"(c) Lucas Leuzinger, some rights reserved (CC BY-NC)",https://www.inaturalist.org/observations/216265860,382462994,2013-08-27,"Aquidauana, MS, 79200-000, Brasilien"
inat_382462539.jpg,tatu,Euphractus sexcinctus,CC-BY-NC,"(c) Lucas Leuzinger, some rights reserved (CC BY-NC)",https://www.inaturalist.org/observations/216265598,382462539,2010-07-28,"Aquidauana, MS, 79200-000, Brasilien"
inat_380558899.jpg,tatu,Euphractus sexcinctus,CC-BY,"(c) R Vasconcellos, some rights reserved (CC BY)",https://www.inaturalist.org/observations/215258474,380558899,2017-09-09,"Pantanal Sul, Corumbá - State of Mato Grosso do Sul, Brazil"
inat_373946628.jpg,tatu,Euphractus sexcinctus,CC-BY,"(c) Alessandher Piva, some rights reserved (CC BY)",https://www.inaturalist.org/observations/211521040,373946628,2014-08-28,"Bairro Piracema, Coxim - MS, Brasil"
inat_369538337.jpg,tatu,Euphractus sexcinctus,CC-BY-NC,"(c) Luis Ricardo Pereira Baricati, some rights reserved (CC BY-NC)",https://www.inaturalist.org/observations/208840684,369538337,2022-12-15,"Aquidauana - MS, Brasil"
inat_368469551.jpg,tatu,Euphractus sexcinctus,CC-BY-NC,"(c) xandaoesteves, some rights reserved (CC BY-NC)",https://www.inaturalist.org/observations/208264324,368469551,2024-04-20,"Jaborandi, BA, BR"
inat_368258092.jpg,tatu,Euphractus sexcinctus,CC-BY,"(c) vinicius_s_domingues, some rights reserved (CC BY)",https://www.inaturalist.org/observations/208155791,368258092,2024-04-18,"Rio Grande - RS, Brasil"
inat_366822567.jpg,tatu,Euphractus sexcinctus,CC-BY-NC,"(c) Paulo Henrique Bonavigo, some rights reserved (CC BY-NC)",https://www.inaturalist.org/observations/207383574,366822567,2024-04-09,"Príncipe da Beira, Costa Marques - RO, Brasil"
inat_365328865.jpg,tatu,Euphractus sexcinctus,CC-BY-NC,"(c) cbeier, some rights reserved (CC BY-NC)",https://www.inaturalist.org/observations/206592624,365328865,2013-01-19,"Barra do Quaraí - RS, 97538-000, Brasil"
inat_365259279.jpg,tatu,Euphractus sexcinctus,CC-BY-NC,"(c) cbeier, some rights reserved (CC BY-NC)",https://www.inaturalist.org/observations/206518814,365259279,2014-10-20,"Barra do Quaraí - RS, 97538-000, Brasil"
inat_359188270.jpg,tatu,Euphractus sexcinctus,CC-BY-NC,"(c) Gustavo Magnago, some rights reserved (CC BY-NC)",https://www.inaturalist.org/observations/203307969,359188270,2024-03-20,"FXX4+5X Reserva Kaetés - IMD - Limoeiro, Castelo - ES, 29360-000, Brasil"
inat_358521128.jpg,tatu,Euphractus sexcinctus,CC-BY-NC,"(c) jo22nfrog, some rights reserved (CC BY-NC)",https://www.inaturalist.org/observations/202957787,358521128,2024-02-24,"Bodoquena, MS, BR"
inat_356792533.jpg,tatu,Euphractus sexcinctus,CC-BY,"(c) Thomaz de Carvalho Callado, some rights reserved (CC BY)",https://www.inaturalist.org/observations/202061004,356792533,2024-03-08,"Areia Branca - RN, Brasil"
inat_355512274.jpg,tatu,Euphractus sexcinctus,CC-BY-NC,"(c) Taiel Nazar, some rights reserved (CC BY-NC)",https://www.inaturalist.org/observations/201398686,355512274,2023-12-15,"Ledesma, Jujuy, Argentina"
inat_354021923.jpg,tatu,Euphractus sexcinctus,CC-BY-NC,"(c) Luciano Patrón, some rights reserved (CC BY-NC)",https://www.inaturalist.org/observations/200636300,354021923,2024-02-26,"Fray Marcos, Departamento de Florida, Uruguay"
inat_352937219.jpg,tatu,Euphractus sexcinctus,CC-BY,"(c) Gonzalo Romero, some rights reserved (CC BY)",https://www.inaturalist.org/observations/200079577,352937219,2024-02-22,"80200 Departamento de San José, Uruguay"
inat_350974930.jpg,tatu,Euphractus sexcinctus,CC-BY,"(c) Gonzalo Romero, some rights reserved (CC BY)",https://www.inaturalist.org/observations/199060045,350974930,2024-02-11,"80200 Departamento de San José, Uruguay"
inat_349232726.jpg,tatu,Euphractus sexcinctus,CC-BY-NC,"(c) pedrocallado, some rights reserved (CC BY-NC)",https://www.inaturalist.org/observations/198177553,349232726,2023-06-10,"Área de Proteção Ambiental da Barra do Rio Mamanguape, Rio Tinto, PB, BR"
inat_349230014.jpg,tatu,Euphractus sexcinctus,CC-BY,"(c) Daniel Colas, some rights reserved (CC BY)",https://www.inaturalist.org/observations/198176270,349230014,2019-07-07,"Fazenda São José Zona Rural - Taunay, Aquidauana - MS, 79200-000, Brasil"
inat_349170806.jpg,tatu,Euphractus sexcinctus,CC-BY,"(c) Thomaz Ricardo Favreto Sinani, some rights reserved (CC BY)",https://www.inaturalist.org/observations/198148081,349170806,2013-12-20,Fazenda Dona Amélia
inat_348886284.jpg,tatu,Euphractus sexcinctus,CC-BY-NC,"(c) Antonio Rodriguez Sinovas, some rights reserved (CC BY-NC)",https://www.inaturalist.org/observations/198005140,348886284,2023-08-25,"Jardim - Mato Grosso del Sur, 79240-000, Brasil"
inat_348739215.jpg,tatu,Euphractus sexcinctus,CC-BY-NC,"(c) xandaoesteves, some rights reserved (CC BY-NC)",https://www.inaturalist.org/observations/197931767,348739215,2023-10-29,"Cocos, BA, BR"
inat_348020742.jpg,tatu,Euphractus sexcinctus,CC-BY-NC,"(c) Norberto Muzzachiodi, some rights reserved (CC BY-NC)",https://www.inaturalist.org/observations/197574821,348020742,2023-12-30,"CT1, La Esmeralda, La Paz, Entre Ríos, Argentina"
inat_347930358.jpg,tatu,Euphractus sexcinctus,CC-BY-NC,"(c) Tityus bahiensis, some rights reserved (CC BY-NC)",https://www.inaturalist.org/observations/197530729,347930358,2017-07-01,"Jardim dos Eucaliptos, Itirapina - SP, Brasil"
inat_347819832.jpg,tatu,Euphractus sexcinctus,CC-BY-NC,"(c) Breno Farias, some rights reserved (CC BY-NC)",https://www.inaturalist.org/observations/197476411,347819832,2024-01-21,"Cabaceiras - PB, Brasil"
inat_347625940.jpg,tatu,Euphractus sexcinctus,CC-BY,"(c) Adeilson Melo, some rights reserved (CC BY)",https://www.inaturalist.org/observations/197384046,347625940,2024-01-13,"Petrolina - PE, Brasil"
inat_346342025.jpg,tatu,Euphractus sexcinctus,CC-BY-NC,"(c) Guillermo Menéndez, some rights reserved (CC BY-NC)",https://www.inaturalist.org/observations/196745642,346342025,2021-08-01,"Paso Potrero, Departamento de Salto, Uruguay"
inat_346296573.jpg,tatu,Euphractus sexcinctus,CC-BY-NC,"(c) gbrunvoll, some rights reserved (CC BY-NC)",https://www.inaturalist.org/observations/196723907,346296573,2013-09-28,"Parque Nacional das Emas, Parque Nacional das Emas Go, Chapadão do Céu - GO, 75828-000, Brazil"
inat_345932739.jpg,tatu,Euphractus sexcinctus,CC-BY-NC,"(c) geraldomorais, some rights reserved (CC BY-NC)",https://www.inaturalist.org/observations/196481127,345932739,2023-09-23,"Serra da Canastra, São Roque de Minas - MG, 37928-000, Brasil"
inat_345876131.jpg,tatu,Euphractus sexcinctus,CC-BY,"(c) Agustina Medina, some rights reserved (CC BY)",https://www.inaturalist.org/observations/196453297,345876131,2024-01-11,"37100 Departamento de Cerro Largo, Uruguay"
inat_345868631.jpg,tatu,Euphractus sexcinctus,CC-BY-NC,"(c) Antonio Rodriguez Sinovas, some rights reserved (CC BY-NC)",https://www.inaturalist.org/observations/196449308,345868631,2023-08-21,"Miranda - Mato Grosso del Sur, 79380-000, Brasil"
inat_345682122.jpg,tatu,Euphractus sexcinctus,CC0,no rights reserved,https://www.inaturalist.org/observations/196359890,345682122,2022-02-15,"Tocantins, BR"
inat_345145052.jpg,tatu,Euphractus sexcinctus,CC-BY-NC,"(c) Hugo Vinicius de Sousa Albuquerque Filho, some rights reserved (CC BY-NC)",https://www.inaturalist.org/observations/196092664,345145052,2024-01-07,"PB044, Caaporã, PB, BR"
inat_343690615.jpg,tatu,Euphractus sexcinctus,CC-BY-NC,"(c) Adriano Luiz de Faria, some rights reserved (CC BY-NC)",https://www.inaturalist.org/observations/195372471,343690615,2021-09-16,"Rua 15, Ituiutaba, MG, BR"
inat_342976600.jpg,tatu,Euphractus sexcinctus,CC0,no rights reserved,https://www.inaturalist.org/observations/195021831,342976600,2023-12-21,"Miranda, MS, BR"
inat_342486232.jpg,tatu,Euphractus sexcinctus,CC-BY-NC,"(c) pkondrashov, some rights reserved (CC BY-NC)",https://www.inaturalist.org/observations/194784251,342486232,2022-09-27,Pousada Aguape
inat_341972548.jpg,tatu,Euphractus sexcinctus,CC-BY-NC,"(c) KENNEDY BORGES, some rights reserved (CC BY-NC)",https://www.inaturalist.org/observations/194533686,341972548,2023-10-22,"Mineiros - GO, 75830-000, Brasil"
inat_340461971.jpg,tatu,Euphractus sexcinctus,CC-BY-NC,"(c) jalonunes, some rights reserved (CC BY-NC)",https://www.inaturalist.org/observations/193785872,340461971,2021-10-27,"São Francisco, Palmeira dos Índios - AL, Brasil"
inat_339720561.jpg,tatu,Euphractus sexcinctus,CC-BY-NC,"(c) Yby Naturalista, some rights reserved (CC BY-NC)",https://www.inaturalist.org/observations/193386956,339720561,2023-12-08,YBY Natureza Condomínio Reserva
inat_339563473.jpg,tatu,Euphractus sexcinctus,CC-BY-NC,"(c) Royle Safaris, some rights reserved (CC BY-NC)",https://www.inaturalist.org/observations/193308719,339563473,2012-09-20,"Barranco Alto - Aquidauana, MS, 79200-000, Brazil"
inat_339090489.jpg,tatu,Euphractus sexcinctus,CC-BY-NC,"(c) Norberto Muzzachiodi, some rights reserved (CC BY-NC)",https://www.inaturalist.org/observations/193071263,339090489,2023-10-29,"CT3; La Esmeralda, Las Garzas, Depto. La Paz, Entre Ríos"
inat_338501619.jpg,tatu,Euphractus sexcinctus,CC-BY-NC,"(c) marionbee, some rights reserved (CC BY-NC)",https://www.inaturalist.org/observations/192779748,338501619,2023-12-01,"Avenida Affonso José Aiello, Bauru, SP, BR"
inat_731176790.jpg,lobo_guara,Chrysocyon brachyurus,CC-BY,"(c) William Stephens, some rights reserved (CC BY)",https://www.inaturalist.org/observations/398578756,731176790,2026-09-08,"Poconé, BR-MT, BR"
inat_728460128.jpg,lobo_guara,Chrysocyon brachyurus,CC-BY-NC,"(c) edaphos1992, some rights reserved (CC BY-NC)",https://www.inaturalist.org/observations/397194031,728460128,2026-09-02,"Garay, AR-SF, AR"
inat_726885189.jpg,lobo_guara,Chrysocyon brachyurus,CC-BY-NC,"(c) Luiz Guilherme, some rights reserved (CC BY-NC)",https://www.inaturalist.org/observations/396360212,726885189,2022-06-20,"Minas Gerais, BR"
inat_719044439.jpg,lobo_guara,Chrysocyon brachyurus,CC-BY-NC,"(c) anapmansilla, some rights reserved (CC BY-NC)",https://www.inaturalist.org/observations/392360028,719044439,2026-08-16,"Santiago del Estero, AR"
inat_714420426.jpg,lobo_guara,Chrysocyon brachyurus,CC-BY-NC,"(c) Francisco Celestino Carneiro e Bezerra, some rights reserved (CC BY-NC)",https://www.inaturalist.org/observations/389994733,714420426,2026-05-31,"Minas Gerais, BR"
inat_699813513.jpg,lobo_guara,Chrysocyon brachyurus,CC0,no rights reserved,https://www.inaturalist.org/observations/382409425,699813513,2026-07-15,"Nueve de Julio, AR-SF, AR"
inat_698951205.jpg,lobo_guara,Chrysocyon brachyurus,CC-BY-NC,"(c) Leandro Rezende, some rights reserved (CC BY-NC)",https://www.inaturalist.org/observations/381957166,698951205,2026-06-16,"Minas Gerais, BR"
inat_691210102.jpg,lobo_guara,Chrysocyon brachyurus,CC-BY-NC,"(c) Arthur Gabriel Torres, some rights reserved (CC BY-NC)",https://www.inaturalist.org/observations/377953494,691210102,2026-05-02,"São Paulo, BR"
inat_686777957.jpg,lobo_guara,Chrysocyon brachyurus,CC-BY-NC,"(c) Andrés Pautasso, some rights reserved (CC BY-NC)",https://www.inaturalist.org/observations/375660343,686777957,2026-06-26,"Santa Fe, AR"
inat_677698872.jpg,lobo_guara,Chrysocyon brachyurus,CC-BY-NC,"(c) Elisa Tiberio, some rights reserved (CC BY-NC)",https://www.inaturalist.org/observations/370937955,677698872,2025-06-29,"Minas Gerais, BR"
inat_677685752.jpg,lobo_guara,Chrysocyon brachyurus,CC-BY-NC,"(c) Elisa Tiberio, some rights reserved (CC BY-NC)",https://www.inaturalist.org/observations/370931242,677685752,2025-09-13,"Minas Gerais, BR"
inat_675200598.jpg,lobo_guara,Chrysocyon brachyurus,CC-BY-NC,"(c) crocattackdatabase, some rights reserved (CC BY-NC)",https://www.inaturalist.org/observations/369630425,675200598,2022-07-16,"Minas Gerais, BR"
inat_674896603.jpg,lobo_guara,Chrysocyon brachyurus,CC-BY-NC,"(c) Renata Marraschi, some rights reserved (CC BY-NC)",https://www.inaturalist.org/observations/369475832,674896603,2025-10-31,"São Paulo, BR"
inat_664374149.jpg,lobo_guara,Chrysocyon brachyurus,CC-BY-NC,"(c) Alisson Oliveira, some rights reserved (CC BY-NC)",https://www.inaturalist.org/observations/363943012,664374149,2026-05-19,"Goiás, BR"
inat_662773967.jpg,lobo_guara,Chrysocyon brachyurus,CC-BY-NC,"(c) Jhonatan Manco, some rights reserved (CC BY-NC)",https://www.inaturalist.org/observations/363102224,662773967,2025-01-14,"São Paulo, BR"
inat_662494110.jpg,lobo_guara,Chrysocyon brachyurus,CC-BY-NC,"(c) Ricardo Rivollier, some rights reserved (CC BY-NC)",https://www.inaturalist.org/observations/362952487,662494110,2026-05-16,"Santo Tomé, AR-CN, AR"
inat_662268237.jpg,lobo_guara,Chrysocyon brachyurus,CC-BY-NC,"(c) Liviany Viana, some rights reserved (CC BY-NC)",https://www.inaturalist.org/observations/362837178,662268237,2026-05-18,"São Paulo, BR"
inat_661002930.jpg,lobo_guara,Chrysocyon brachyurus,CC-BY,"(c) Lucas Mantelo Cruz, some rights reserved (CC BY)",https://www.inaturalist.org/observations/362165532,661002930,2026-05-09,"São Paulo, BR"
inat_659838690.jpg,lobo_guara,Chrysocyon brachyurus,CC-BY-NC,"(c) Gabriel Völker Lacerda, some rights reserved (CC BY-NC)",https://www.inaturalist.org/observations/361551738,659838690,2026-05-11,"Mateiros, BR-TO, BR"
inat_654382070.jpg,lobo_guara,Chrysocyon brachyurus,CC-BY-NC,"(c) Valter K. Filho, some rights reserved (CC BY-NC)",https://www.inaturalist.org/observations/358699359,654382070,2020-01-18,"Chapadinha, BR-GO, BR"
inat_653827509.jpg,lobo_guara,Chrysocyon brachyurus,CC-BY-NC,"(c) KENNEDY BORGES, some rights reserved (CC BY-NC)",https://www.inaturalist.org/observations/358411832,653827509,2026-04-11,Brazil
inat_649863848.jpg,lobo_guara,Chrysocyon brachyurus,CC-BY-NC,"(c) Hugo Cordeiro, some rights reserved (CC BY-NC)",https://www.inaturalist.org/observations/356356183,649863848,2025-12-21,"Minas Gerais, BR"
inat_639156281.jpg,lobo_guara,Chrysocyon brachyurus,CC-BY-NC,"(c) KENNEDY BORGES, some rights reserved (CC BY-NC)",https://www.inaturalist.org/observations/350313914,639156281,2026-04-15,Brazil
inat_637177086.jpg,lobo_guara,Chrysocyon brachyurus,CC-BY,"(c) Joaquin Valentinuzzi, some rights reserved (CC BY)",https://www.inaturalist.org/observations/349302945,637177086,2026-04-11,"Ituzaingó, AR-CN, AR"
inat_637084613.jpg,lobo_guara,Chrysocyon brachyurus,CC-BY-SA,"(c) Eric Lopes, some rights reserved (CC BY-SA)",https://www.inaturalist.org/observations/349256353,637084613,2024-09-09,"São Paulo, BR"
inat_631782484.jpg,lobo_guara,Chrysocyon brachyurus,CC-BY-NC,"(c) KENNEDY BORGES, some rights reserved (CC BY-NC)",https://www.inaturalist.org/observations/346577288,631782484,2026-03-31,Brazil
inat_630726990.jpg,lobo_guara,Chrysocyon brachyurus,CC-BY-NC,"(c) João Vitor Andriola, some rights reserved (CC BY-NC)",https://www.inaturalist.org/observations/346045789,630726990,2026-03-29,"Minas Gerais, BR"
inat_628849119.jpg,lobo_guara,Chrysocyon brachyurus,CC-BY-NC,"(c) KENNEDY BORGES, some rights reserved (CC BY-NC)",https://www.inaturalist.org/observations/345090791,628849119,2026-03-06,Brazil
inat_628477743.jpg,lobo_guara,Chrysocyon brachyurus,CC-BY-NC,"(c) Juliana, some rights reserved (CC BY-NC)",https://www.inaturalist.org/observations/344902516,628477743,2025-10-24,"Goiás, BR"
inat_627019007.jpg,lobo_guara,Chrysocyon brachyurus,CC-BY-NC,"(c) MarcosHalemFelix, some rights reserved (CC BY-NC)",https://www.inaturalist.org/observations/344146070,627019007,2025-11-13,"Mato Grosso, BR"
inat_626676942.jpg,lobo_guara,Chrysocyon brachyurus,CC-BY-NC,"(c) gabrielacantisani, some rights reserved (CC BY-NC)",https://www.inaturalist.org/observations/343972049,626676942,2026-01-28,"Mato Grosso do Sul, BR"
inat_626676936.jpg,lobo_guara,Chrysocyon brachyurus,CC-BY-NC,"(c) gabrielacantisani, some rights reserved (CC BY-NC)",https://www.inaturalist.org/observations/343972047,626676936,2026-01-26,"Mato Grosso do Sul, BR"
inat_624275404.jpg,lobo_guara,Chrysocyon brachyurus,CC-BY-NC,"(c) barbarathompson, some rights reserved (CC BY-NC)",https://www.inaturalist.org/observations/342781697,624275404,2026-03-12,"Mato Grosso do Sul, BR"
inat_623861463.jpg,lobo_guara,Chrysocyon brachyurus,CC-BY-NC,"(c) isameniz, some rights reserved (CC BY-NC)",https://www.inaturalist.org/observations/342566891,623861463,2024-04-04,"Bahia, BR"
inat_623735348.jpg,lobo_guara,Chrysocyon brachyurus,CC0,no rights reserved,https://www.inaturalist.org/observations/342505046,623735348,2025-09-12,"Rio Grande do Sul, BR"
inat_623004319.jpg,lobo_guara,Chrysocyon brachyurus,CC-BY-NC,"(c) KENNEDY BORGES, some rights reserved (CC BY-NC)",https://www.inaturalist.org/observations/342146413,623004319,2026-03-06,Brazil
inat_621806448.jpg,lobo_guara,Chrysocyon brachyurus,CC-BY-NC,"(c) isameniz, some rights reserved (CC BY-NC)",https://www.inaturalist.org/observations/341553651,621806448,2023-02-27,"Bahia, BR"
inat_621544023.jpg,lobo_guara,Chrysocyon brachyurus,CC-BY-NC,"(c) Fernando Tavares., some rights reserved (CC BY-NC)",https://www.inaturalist.org/observations/341424867,621544023,2026-03-03,"Bahia, BR"
inat_619393556.jpg,lobo_guara,Chrysocyon brachyurus,CC-BY-NC,"(c) Samuel de Paula, some rights reserved (CC BY-NC)",https://www.inaturalist.org/observations/340373237,619393556,2025-12-14,"Minas Gerais, BR"
inat_618722646.jpg,lobo_guara,Chrysocyon brachyurus,CC-BY-NC,"(c) Sarah Mahie, some rights reserved (CC BY-NC)",https://www.inaturalist.org/observations/340047555,618722646,2022-09-12,"Mato Grosso do Sul, BR"
inat_612697401.jpg,lobo_guara,Chrysocyon brachyurus,CC-BY-NC,"(c) Pedro, some rights reserved (CC BY-NC)",https://www.inaturalist.org/observations/337085269,612697401,2025-10-27,"Minas Gerais, BR"
inat_612438452.jpg,lobo_guara,Chrysocyon brachyurus,CC-BY-NC,"(c) Shelley Rutkin, some rights reserved (CC BY-NC)",https://www.inaturalist.org/observations/336958158,612438452,2025-11-25,"Minas Gerais, BR"
inat_612396080.jpg,lobo_guara,Chrysocyon brachyurus,CC-BY-NC,"(c) THORONG, some rights reserved (CC BY-NC)",https://www.inaturalist.org/observations/336936721,612396080,2025-10-20,"Mato Grosso, BR"
inat_611936391.jpg,lobo_guara,Chrysocyon brachyurus,CC-BY-NC,"(c) Pedro, some rights reserved (CC BY-NC)",https://www.inaturalist.org/observations/336711134,611936391,2026-01-21,"Minas Gerais, BR"
inat_611930659.jpg,lobo_guara,Chrysocyon brachyurus,CC-BY-NC,"(c) Pedro, some rights reserved (CC BY-NC)",https://www.inaturalist.org/observations/336709300,611930659,2021-01-02,"Minas Gerais, BR"
inat_611930554.jpg,lobo_guara,Chrysocyon brachyurus,CC-BY-NC,"(c) Pedro, some rights reserved (CC BY-NC)",https://www.inaturalist.org/observations/336709297,611930554,2025-08-27,"Minas Gerais, BR"
inat_611930522.jpg,lobo_guara,Chrysocyon brachyurus,CC-BY-NC,"(c) Pedro, some rights reserved (CC BY-NC)",https://www.inaturalist.org/observations/336709284,611930522,2025-08-27,"Minas Gerais, BR"
inat_611929249.jpg,lobo_guara,Chrysocyon brachyurus,CC-BY-NC,"(c) Pedro, some rights reserved (CC BY-NC)",https://www.inaturalist.org/observations/336709260,611929249,2025-08-28,"Minas Gerais, BR"
inat_611929208.jpg,lobo_guara,Chrysocyon brachyurus,CC-BY-NC,"(c) Pedro, some rights reserved (CC BY-NC)",https://www.inaturalist.org/observations/336709258,611929208,2025-08-26,"Minas Gerais, BR"
inat_611916796.jpg,lobo_guara,Chrysocyon brachyurus,CC-BY-NC,"(c) Pedro, some rights reserved (CC BY-NC)",https://www.inaturalist.org/observations/336702899,611916796,2025-12-24,"Minas Gerais, BR"
inat_611904698.jpg,lobo_guara,Chrysocyon brachyurus,CC-BY-NC,"(c) Pedro, some rights reserved (CC BY-NC)",https://www.inaturalist.org/observations/336701012,611904698,2024-12-02,"Minas Gerais, BR"
inat_611903399.jpg,lobo_guara,Chrysocyon brachyurus,CC-BY-NC,"(c) Pedro, some rights reserved (CC BY-NC)",https://www.inaturalist.org/observations/336700999,611903399,2021-02-08,"Minas Gerais, BR"
inat_611903285.jpg,lobo_guara,Chrysocyon brachyurus,CC-BY-NC,"(c) Pedro, some rights reserved (CC BY-NC)",https://www.inaturalist.org/observations/336700997,611903285,2021-01-30,"Minas Gerais, BR"
inat_611903225.jpg,lobo_guara,Chrysocyon brachyurus,CC-BY-NC,"(c) Pedro, some rights reserved (CC BY-NC)",https://www.inaturalist.org/observations/336700996,611903225,2021-01-28,"Minas Gerais, BR"
inat_611903042.jpg,lobo_guara,Chrysocyon brachyurus,CC-BY-NC,"(c) Pedro, some rights reserved (CC BY-NC)",https://www.inaturalist.org/observations/336700992,611903042,2021-01-24,"Minas Gerais, BR"
inat_611902855.jpg,lobo_guara,Chrysocyon brachyurus,CC-BY-NC,"(c) Pedro, some rights reserved (CC BY-NC)",https://www.inaturalist.org/observations/336700989,611902855,2021-01-20,"Minas Gerais, BR"
inat_611902763.jpg,lobo_guara,Chrysocyon brachyurus,CC-BY-NC,"(c) Pedro, some rights reserved (CC BY-NC)",https://www.inaturalist.org/observations/336700988,611902763,2021-01-17,"Minas Gerais, BR"
inat_611902595.jpg,lobo_guara,Chrysocyon brachyurus,CC-BY-NC,"(c) Pedro, some rights reserved (CC BY-NC)",https://www.inaturalist.org/observations/336700986,611902595,2021-01-05,"Minas Gerais, BR"
inat_611902548.jpg,lobo_guara,Chrysocyon brachyurus,CC-BY-NC,"(c) Pedro, some rights reserved (CC BY-NC)",https://www.inaturalist.org/observations/336700984,611902548,2021-01-03,"Minas Gerais, BR"
inat_611902459.jpg,lobo_guara,Chrysocyon brachyurus,CC-BY-NC,"(c) Pedro, some rights reserved (CC BY-NC)",https://www.inaturalist.org/observations/336700982,611902459,2021-01-02,"Minas Gerais, BR"
inat_611902285.jpg,lobo_guara,Chrysocyon brachyurus,CC-BY-NC,"(c) Pedro, some rights reserved (CC BY-NC)",https://www.inaturalist.org/observations/336700979,611902285,2021-01-08,"Minas Gerais, BR"
inat_611896707.jpg,lobo_guara,Chrysocyon brachyurus,CC-BY-NC,"(c) Pedro, some rights reserved (CC BY-NC)",https://www.inaturalist.org/observations/336692555,611896707,2022-09-18,"Minas Gerais, BR"
inat_611530150.jpg,lobo_guara,Chrysocyon brachyurus,CC-BY-NC,"(c) michelepaulo, some rights reserved (CC BY-NC)",https://www.inaturalist.org/observations/336514364,611530150,2026-01-28,"Mato Grosso, BR"
inat_611027636.jpg,lobo_guara,Chrysocyon brachyurus,CC-BY,"(c) Henrique Nogueira, some rights reserved (CC BY)",https://www.inaturalist.org/observations/336264488,611027636,2022-02-23,"Minas Gerais, BR"
inat_610188110.jpg,lobo_guara,Chrysocyon brachyurus,CC-BY-NC,"(c) Shelley Rutkin, some rights reserved (CC BY-NC)",https://www.inaturalist.org/observations/335842563,610188110,2025-11-25,"Minas Gerais, BR"
inat_609763150.jpg,lobo_guara,Chrysocyon brachyurus,CC-BY-NC,"(c) Giulia Pfeifer, some rights reserved (CC BY-NC)",https://www.inaturalist.org/observations/335536629,609763150,2026-01-20,"Rio de Janeiro, BR"
inat_608180961.jpg,lobo_guara,Chrysocyon brachyurus,CC-BY-NC,"(c) Valter K. Filho, some rights reserved (CC BY-NC)",https://www.inaturalist.org/observations/334852212,608180961,2025-11-21,Brazil
inat_608180517.jpg,lobo_guara,Chrysocyon brachyurus,CC-BY-NC,"(c) Valter K. Filho, some rights reserved (CC BY-NC)",https://www.inaturalist.org/observations/334851851,608180517,2024-09-07,Brazil
inat_607998134.jpg,lobo_guara,Chrysocyon brachyurus,CC-BY-NC,"(c) ameliatuler, some rights reserved (CC BY-NC)",https://www.inaturalist.org/observations/334763439,607998134,2026-01-14,"Minas Gerais, BR"
inat_607802417.jpg,lobo_guara,Chrysocyon brachyurus,CC-BY-NC,"(c) mariano_henr, some rights reserved (CC BY-NC)",https://www.inaturalist.org/observations/334667374,607802417,2021-12-30,"Minas Gerais, BR"
inat_606394132.jpg,lobo_guara,Chrysocyon brachyurus,CC-BY-NC,"(c) KENNEDY BORGES, some rights reserved (CC BY-NC)",https://www.inaturalist.org/observations/333974351,606394132,2026-01-05,Brazil
inat_606268354.jpg,lobo_guara,Chrysocyon brachyurus,CC-BY-NC,"(c) André Alves, some rights reserved (CC BY-NC)",https://www.inaturalist.org/observations/333911678,606268354,2019-10-10,"Minas Gerais, BR"
inat_605764062.jpg,lobo_guara,Chrysocyon brachyurus,CC-BY-NC,"(c) Alisson Oliveira, some rights reserved (CC BY-NC)",https://www.inaturalist.org/observations/333666106,605764062,2025-11-27,"Mato Grosso do Sul, BR"
inat_602232149.jpg,lobo_guara,Chrysocyon brachyurus,CC-BY-NC,"(c) Fernando Tavares., some rights reserved (CC BY-NC)",https://www.inaturalist.org/observations/331913321,602232149,2025-12-23,"Bahia, BR"
inat_600653193.jpg,lobo_guara,Chrysocyon brachyurus,CC-BY-NC,"(c) Glenn Barrett, some rights reserved (CC BY-NC)",https://www.inaturalist.org/observations/331142876,600653193,2025-10-03,"Minas Gerais, BR"
inat_600302287.jpg,lobo_guara,Chrysocyon brachyurus,CC-BY-NC,"(c) KENNEDY BORGES, some rights reserved (CC BY-NC)",https://www.inaturalist.org/observations/330973006,600302287,2025-12-15,Brazil
inat_599108431.jpg,lobo_guara,Chrysocyon brachyurus,CC-BY-NC,"(c) Fernando Tavares., some rights reserved (CC BY-NC)",https://www.inaturalist.org/observations/330394376,599108431,2025-12-10,"Bahia, BR"
inat_597726447.jpg,lobo_guara,Chrysocyon brachyurus,CC-BY-NC,"(c) KENNEDY BORGES, some rights reserved (CC BY-NC)",https://www.inaturalist.org/observations/329716551,597726447,2025-06-14,Brazil
inat_597580180.jpg,lobo_guara,Chrysocyon brachyurus,CC-BY-NC,"(c) Mariana Suzanne, some rights reserved (CC BY-NC)",https://www.inaturalist.org/observations/329643670,597580180,2025-10-01,"São Paulo, BR"
inat_597476336.jpg,lobo_guara,Chrysocyon brachyurus,CC-BY-NC,"(c) Arthur Toledo R. C. França, some rights reserved (CC BY-NC)",https://www.inaturalist.org/observations/329590411,597476336,2025-12-04,"Rio de Janeiro, BR"
inat_597178515.jpg,lobo_guara,Chrysocyon brachyurus,CC-BY-SA,"(c) Felipe Simões, some rights reserved (CC BY-SA)",https://www.inaturalist.org/observations/329443691,597178515,2025-12-03,"São Paulo, BR"
inat_593619989.jpg,lobo_guara,Chrysocyon brachyurus,CC-BY-NC,"(c) andreheer, some rights reserved (CC BY-NC)",https://www.inaturalist.org/observations/327644217,593619989,2025-11-21,Brazil
inat_592455387.jpg,lobo_guara,Chrysocyon brachyurus,CC-BY-NC,"(c) Mariano Aimar, some rights reserved (CC BY-NC)",https://www.inaturalist.org/observations/327058554,592455387,2025-11-18,"San Justo, AR-SF, AR"
inat_590122896.jpg,lobo_guara,Chrysocyon brachyurus,CC-BY-NC,"(c) lucasnmascolo, some rights reserved (CC BY-NC)",https://www.inaturalist.org/observations/325888078,590122896,2025-11-10,Uruguay
inat_589777327.jpg,lobo_guara,Chrysocyon brachyurus,CC-BY-NC,"(c) saraarosa, some rights reserved (CC BY-NC)",https://www.inaturalist.org/observations/325715466,589777327,2024-03-09,"Minas Gerais, BR"
inat_588766077.jpg,lobo_guara,Chrysocyon brachyurus,CC-BY-NC,"(c) Valter K. Filho, some rights reserved (CC BY-NC)",https://www.inaturalist.org/observations/325208311,588766077,2006-10-16,"Goiás, BR"
inat_586818242.jpg,lobo_guara,Chrysocyon brachyurus,CC-BY,"(c) Lindolfo Souto, some rights reserved (CC BY)",https://www.inaturalist.org/observations/324236783,586818242,2010-07-31,"Minas Gerais, BR"
inat_585808974.jpg,lobo_guara,Chrysocyon brachyurus,CC-BY-NC,"(c) Guillaume Martin, some rights reserved (CC BY-NC)",https://www.inaturalist.org/observations/323727098,585808974,2025-08-20,"Villa Hayes, PY-PH, PY"
inat_585282245.jpg,lobo_guara,Chrysocyon brachyurus,CC-BY-NC,"(c) Martinez-Diaz M, some rights reserved (CC BY-NC)",https://www.inaturalist.org/observations/323460212,585282245,2023-06-01,"Yacuma, BO-EB, BO"
inat_584997578.jpg,lobo_guara,Chrysocyon brachyurus,CC-BY-NC,"(c) projeto_ciencia_cidada_usppira, some rights reserved (CC BY-NC)",https://www.inaturalist.org/observations/323316581,584997578,2023-09-21,"São Paulo, BR"
inat_584908168.jpg,lobo_guara,Chrysocyon brachyurus,CC-BY-NC,"(c) Valter K. Filho, some rights reserved (CC BY-NC)",https://www.inaturalist.org/observations/323270861,584908168,2025-10-23,"Mato Grosso do Sul, BR"
inat_584420816.jpg,lobo_guara,Chrysocyon brachyurus,CC-BY-NC,"(c) Ashton Reiser, some rights reserved (CC BY-NC)",https://www.inaturalist.org/observations/323008403,584420816,2025-10-24,"Goiás, BR"
inat_584169113.jpg,lobo_guara,Chrysocyon brachyurus,CC-BY-NC,"(c) Giselle Mangini, some rights reserved (CC BY-NC)",https://www.inaturalist.org/observations/322877143,584169113,2025-10-08,"Yacuma, BO-EB, BO"
inat_584149592.jpg,lobo_guara,Chrysocyon brachyurus,CC-BY-NC,"(c) Giselle Mangini, some rights reserved (CC BY-NC)",https://www.inaturalist.org/observations/322868331,584149592,2025-10-05,"Yacuma, BO-EB, BO"
inat_582900469.jpg,lobo_guara,Chrysocyon brachyurus,CC-BY,"(c) Sheelagh Halsey, some rights reserved (CC BY)",https://www.inaturalist.org/observations/322238414,582900469,2025-10-13,"Mato Grosso, BR"
inat_582306117.jpg,lobo_guara,Chrysocyon brachyurus,CC-BY-NC,"(c) Fernando Igor de Godoy, some rights reserved (CC BY-NC)",https://www.inaturalist.org/observations/321943219,582306117,2020-08-07,"Paraná, BR"
inat_581402482.jpg,lobo_guara,Chrysocyon brachyurus,CC-BY-NC,"(c) Stefan, some rights reserved (CC BY-NC)",https://www.inaturalist.org/observations/321476927,581402482,2025-10-06,"Goiás, BR"
inat_581039339.jpg,lobo_guara,Chrysocyon brachyurus,CC-BY-NC,"(c) chrishorton, some rights reserved (CC BY-NC)",https://www.inaturalist.org/observations/321293828,581039339,2025-10-15,"Bahia, BR"
inat_581037935.jpg,lobo_guara,Chrysocyon brachyurus,CC-BY-NC,"(c) Felipe Menéndez, some rights reserved (CC BY-NC)",https://www.inaturalist.org/observations/321292972,581037935,2024-10-14,
inat_580358962.jpg,lobo_guara,Chrysocyon brachyurus,CC-BY-NC,"(c) erbenya_marcelino, some rights reserved (CC BY-NC)",https://www.inaturalist.org/observations/320944203,580358962,2025-10-11,Brazil
inat_577689212.jpg,lobo_guara,Chrysocyon brachyurus,CC-BY-NC,"(c) Borja Baguette Pereiro, some rights reserved (CC BY-NC)",https://www.inaturalist.org/observations/319572387,577689212,2025-09-29,"Santiago del Estero, AR"
inat_577404043.jpg,lobo_guara,Chrysocyon brachyurus,CC-BY-NC,"(c) nagilajanuario, some rights reserved (CC BY-NC)",https://www.inaturalist.org/observations/319424384,577404043,2025-10-02,Brazil
inat_577089728.jpg,lobo_guara,Chrysocyon brachyurus,CC-BY,"(c) Tom Field, some rights reserved (CC BY)",https://www.inaturalist.org/observations/319260688,577089728,2004-10-21,"Minas Gerais, BR"
inat_577089700.jpg,lobo_guara,Chrysocyon brachyurus,CC-BY,"(c) Tom Field, some rights reserved (CC BY)",https://www.inaturalist.org/observations/319260687,577089700,2004-10-21,"Minas Gerais, BR"
inat_576531520.jpg,lobo_guara,Chrysocyon brachyurus,CC-BY-NC,"(c) geraldomorais, some rights reserved (CC BY-NC)",https://www.inaturalist.org/observations/318969070,576531520,2025-10-04,"Goiás, BR"
inat_575012677.jpg,lobo_guara,Chrysocyon brachyurus,CC-BY-NC,"(c) Martin Juarez, some rights reserved (CC BY-NC)",https://www.inaturalist.org/observations/318171855,575012677,2025-10-01,"Santa Fe, AR"
inat_574792489.jpg,lobo_guara,Chrysocyon brachyurus,CC-BY-NC,"(c) Andrés Pautasso, some rights reserved (CC BY-NC)",https://www.inaturalist.org/observations/318059918,574792489,2025-09-30,"Nueve de Julio, AR-SF, AR"
inat_574720287.jpg,lobo_guara,Chrysocyon brachyurus,CC-BY-NC,"(c) andybowen, some rights reserved (CC BY-NC)",https://www.inaturalist.org/observations/318020470,574720287,2023-10-14,"Villa Hayes, PY-PH, PY"
inat_573756145.jpg,lobo_guara,Chrysocyon brachyurus,CC-BY-NC,"(c) aezanne, some rights reserved (CC BY-NC)",https://www.inaturalist.org/observations/317514041,573756145,2025-09-24,"Querência, BR-MT, BR"
inat_573248986.jpg,lobo_guara,Chrysocyon brachyurus,CC-BY,"(c) Arthur Bruck, some rights reserved (CC BY)",https://www.inaturalist.org/observations/317249373,573248986,2025-09-28,"São Paulo, BR"
inat_569115923.jpg,lobo_guara,Chrysocyon brachyurus,CC-BY-NC,"(c) Pat, some rights reserved (CC BY-NC)",https://www.inaturalist.org/observations/315062962,569115923,2025-09-16,"Mato Grosso, BR"
inat_568852115.jpg,lobo_guara,Chrysocyon brachyurus,CC-BY-NC,"(c) Renata Mello, some rights reserved (CC BY-NC)",https://www.inaturalist.org/observations/314924161,568852115,2025-09-12,"Minas Gerais, BR"
inat_568220006.jpg,lobo_guara,Chrysocyon brachyurus,CC-BY-NC,"(c) Leonardo Bordin, some rights reserved (CC BY-NC)",https://www.inaturalist.org/observations/314597050,568220006,2025-07-26,"Mato Grosso do Sul, BR"
inat_565314836.jpg,lobo_guara,Chrysocyon brachyurus,CC-BY-NC,"(c) bollocks2u, some rights reserved (CC BY-NC)",https://www.inaturalist.org/observations/313063423,565314836,2025-09-10,"Aquidauana, BR-MS, BR"
inat_559538824.jpg,lobo_guara,Chrysocyon brachyurus,CC-BY-NC,"(c) inshaallah, some rights reserved (CC BY-NC)",https://www.inaturalist.org/observations/310052168,559538824,2025-08-23,"Santa Fe, AR"
inat_558628663.jpg,lobo_guara,Chrysocyon brachyurus,CC-BY-NC,"(c) nagilajanuario, some rights reserved (CC BY-NC)",https://www.inaturalist.org/observations/309567039,558628663,2025-08-27,Brazil
inat_557223384.jpg,lobo_guara,Chrysocyon brachyurus,CC-BY-NC,"(c) Pedro Henrique Santos Pacheco, some rights reserved (CC BY-NC)",https://www.inaturalist.org/observations/308834946,557223384,2025-08-24,"Minas Gerais, BR"
inat_554790580.jpg,lobo_guara,Chrysocyon brachyurus,CC-BY-NC,"(c) dennyeduardo, some rights reserved (CC BY-NC)",https://www.inaturalist.org/observations/307570293,554790580,2023-07-16,"Minas Gerais, BR"
inat_554130938.jpg,lobo_guara,Chrysocyon brachyurus,CC-BY-NC,"(c) Vitor Domingues, some rights reserved (CC BY-NC)",https://www.inaturalist.org/observations/307230068,554130938,2025-08-16,"Minas Gerais, BR"
inat_552934908.jpg,lobo_guara,Chrysocyon brachyurus,CC-BY-NC,"(c) muriel_caipora, some rights reserved (CC BY-NC)",https://www.inaturalist.org/observations/306603112,552934908,2025-08-07,"Minas Gerais, BR"
inat_550284874.jpg,lobo_guara,Chrysocyon brachyurus,CC-BY,"(c) Patricio Cowper Coles, some rights reserved (CC BY)",https://www.inaturalist.org/observations/305211801,550284874,2025-08-09,"Chaco, AR"
inat_546968165.jpg,lobo_guara,Chrysocyon brachyurus,CC-BY-NC,"(c) KENNEDY BORGES, some rights reserved (CC BY-NC)",https://www.inaturalist.org/observations/303466265,546968165,2025-06-14,Brazil
inat_546889529.jpg,lobo_guara,Chrysocyon brachyurus,CC-BY-NC,"(c) Leandro Maracahipes, some rights reserved (CC BY-NC)",https://www.inaturalist.org/observations/303422477,546889529,2021-09-10,"Mato Grosso, BR"
inat_546888516.jpg,lobo_guara,Chrysocyon brachyurus,CC-BY-NC,"(c) Leandro Maracahipes, some rights reserved (CC BY-NC)",https://www.inaturalist.org/observations/303422041,546888516,2021-08-17,"Mato Grosso, BR"
inat_545570308.jpg,lobo_guara,Chrysocyon brachyurus,CC-BY-NC,"(c) Lúcio dos Reis Oliveira, some rights reserved (CC BY-NC)",https://www.inaturalist.org/observations/302721863,545570308,2025-07-26,"Minas Gerais, BR"
inat_545314299.jpg,lobo_guara,Chrysocyon brachyurus,CC-BY,"(c) Celso Henrique Varela Rios, some rights reserved (CC BY)",https://www.inaturalist.org/observations/302575692,545314299,2025-07-31,"Minas Gerais, BR"
inat_545146982.jpg,lobo_guara,Chrysocyon brachyurus,CC-BY-NC,"(c) Pedro, some rights reserved (CC BY-NC)",https://www.inaturalist.org/observations/302489432,545146982,2025-07-16,"São Paulo, BR"
inat_542474783.jpg,lobo_guara,Chrysocyon brachyurus,CC-BY,"(c) Geetha Ramaswami, some rights reserved (CC BY)",https://www.inaturalist.org/observations/301053974,542474783,2025-07-25,"Mato Grosso, BR"
inat_542464507.jpg,lobo_guara,Chrysocyon brachyurus,CC-BY,"(c) T R Shankar Raman, some rights reserved (CC BY)",https://www.inaturalist.org/observations/301048327,542464507,2025-07-25,"Mato Grosso, BR"
inat_539884766.jpg,lobo_guara,Chrysocyon brachyurus,CC-BY-NC,"(c) Peter Davidson, some rights reserved (CC BY-NC)",https://www.inaturalist.org/observations/299667380,539884766,2025-07-10,"Paraná, BR"
inat_536350907.jpg,lobo_guara,Chrysocyon brachyurus,CC-BY-NC,"(c) Timshroom, some rights reserved (CC BY-NC)",https://www.inaturalist.org/observations/297797582,536350907,2018-07-06,"Minas Gerais, BR"
inat_535899103.jpg,lobo_guara,Chrysocyon brachyurus,CC-BY-NC,"(c) amandapmarcon, some rights reserved (CC BY-NC)",https://www.inaturalist.org/observations/297559236,535899103,2016-05-16,"Miranda, BR-MS, BR"
inat_534707572.jpg,lobo_guara,Chrysocyon brachyurus,CC-BY-NC,"(c) bzyborski, some rights reserved (CC BY-NC)",https://www.inaturalist.org/observations/296927652,534707572,2025-07-08,"Minas Gerais, BR"
inat_534216162.jpg,lobo_guara,Chrysocyon brachyurus,CC-BY-NC,"(c) nickdicorax, some rights reserved (CC BY-NC)",https://www.inaturalist.org/observations/296671130,534216162,2025-07-04,"Minas Gerais, BR"
inat_534111414.jpg,lobo_guara,Chrysocyon brachyurus,CC-BY-NC,"(c) KENNEDY BORGES, some rights reserved (CC BY-NC)",https://www.inaturalist.org/observations/296617171,534111414,2025-05-17,Brazil
inat_533153004.jpg,lobo_guara,Chrysocyon brachyurus,CC-BY-SA,"(c) ....Christopher Borges...., some rights reserved (CC BY-SA)",https://www.inaturalist.org/observations/296114750,533153004,2024-09-29,"Goiás, BR"
inat_527508313.jpg,lobo_guara,Chrysocyon brachyurus,CC-BY-NC,"(c) joaquin, some rights reserved (CC BY-NC)",https://www.inaturalist.org/observations/293095470,527508313,2025-06-27,"Santa Fe, AR"
inat_527399450.jpg,lobo_guara,Chrysocyon brachyurus,CC-BY-NC,"(c) javierluque89, some rights reserved (CC BY-NC)",https://www.inaturalist.org/observations/293042802,527399450,2020-08-17,"Corrientes, AR"
inat_525903817.jpg,lobo_guara,Chrysocyon brachyurus,CC-BY-NC,"(c) javierluque89, some rights reserved (CC BY-NC)",https://www.inaturalist.org/observations/292250072,525903817,2020-08-13,"Corrientes, AR"
inat_522980764.jpg,lobo_guara,Chrysocyon brachyurus,CC-BY-NC,"(c) skyehellenkamp, some rights reserved (CC BY-NC)",https://www.inaturalist.org/observations/290704691,522980764,2023-06-25,"Mato Grosso, BR"
inat_521586396.jpg,lobo_guara,Chrysocyon brachyurus,CC-BY-NC,"(c) KENNEDY BORGES, some rights reserved (CC BY-NC)",https://www.inaturalist.org/observations/289969750,521586396,2025-06-14,Brazil
inat_521009843.jpg,lobo_guara,Chrysocyon brachyurus,CC-BY-NC,"(c) João neto Silva Aires, some rights reserved (CC BY-NC)",https://www.inaturalist.org/observations/289663709,521009843,2025-06-14,"São Paulo, BR"
inat_520349008.jpg,lobo_guara,Chrysocyon brachyurus,CC-BY-NC,"(c) rbatigalhia, some rights reserved (CC BY-NC)",https://www.inaturalist.org/observations/289310823,520349008,2021-05-12,"São Paulo, BR"
inat_518456753.jpg,lobo_guara,Chrysocyon brachyurus,CC-BY-NC,"(c) Marco Silva, some rights reserved (CC BY-NC)",https://www.inaturalist.org/observations/288306012,518456753,2014-11-29,"São Paulo, BR"
inat_518324447.jpg,lobo_guara,Chrysocyon brachyurus,CC-BY-NC,"(c) Renata Mello, some rights reserved (CC BY-NC)",https://www.inaturalist.org/observations/288234519,518324447,2025-01-23,"Minas Gerais, BR"
inat_517794439.jpg,lobo_guara,Chrysocyon brachyurus,CC-BY-NC,"(c) Luis F. Alberti, some rights reserved (CC BY-NC)",https://www.inaturalist.org/observations/287957381,517794439,2020-03-25,"Minas Gerais, BR"
inat_516743281.jpg,lobo_guara,Chrysocyon brachyurus,CC-BY-NC,"(c) nicolemg18, some rights reserved (CC BY-NC)",https://www.inaturalist.org/observations/287390789,516743281,2025-03-06,"Villa Hayes, PY-PH, PY"
inat_515710035.jpg,lobo_guara,Chrysocyon brachyurus,CC-BY-NC,"(c) KENNEDY BORGES, some rights reserved (CC BY-NC)",https://www.inaturalist.org/observations/286841630,515710035,2025-05-17,Brazil
inat_514302784.jpg,lobo_guara,Chrysocyon brachyurus,CC-BY-NC,"(c) Lorena Sforza, some rights reserved (CC BY-NC)",https://www.inaturalist.org/observations/286104565,514302784,2025-05-27,"Presidente Hayes, PY"
inat_514033605.jpg,lobo_guara,Chrysocyon brachyurus,CC-BY-NC,"(c) Viviane, some rights reserved (CC BY-NC)",https://www.inaturalist.org/observations/285960020,514033605,2025-04-08,"Distrito Federal, Brasília, BR"
inat_512351932.jpg,lobo_guara,Chrysocyon brachyurus,CC-BY-NC,"(c) Isabela Crispim, some rights reserved (CC BY-NC)",https://www.inaturalist.org/observations/285056656,512351932,2022-11-25,"São Paulo, BR"
inat_507937585.jpg,lobo_guara,Chrysocyon brachyurus,CC-BY-NC,"(c) Mateus Braga, some rights reserved (CC BY-NC)",https://www.inaturalist.org/observations/282710796,507937585,2025-05-17,"Minas Gerais, BR"
inat_506959280.jpg,lobo_guara,Chrysocyon brachyurus,CC-BY-NC,"(c) KENNEDY BORGES, some rights reserved (CC BY-NC)",https://www.inaturalist.org/observations/282186206,506959280,2025-05-16,Brazil
inat_505341584.jpg,lobo_guara,Chrysocyon brachyurus,CC-BY-NC,"(c) KENNEDY BORGES, some rights reserved (CC BY-NC)",https://www.inaturalist.org/observations/281323065,505341584,2025-05-14,"Goiás, BR"
inat_503501222.jpg,lobo_guara,Chrysocyon brachyurus,CC-BY-NC,"(c) Rafael MS, some rights reserved (CC BY-NC)",https://www.inaturalist.org/observations/280348891,503501222,2024-09-10,"São Paulo, BR"
inat_502472984.jpg,lobo_guara,Chrysocyon brachyurus,CC-BY-NC,"(c) Edgar Romero, some rights reserved (CC BY-NC)",https://www.inaturalist.org/observations/279799409,502472984,2025-05-08,"Presidente Hayes, PY"
inat_492832879.jpg,lobo_guara,Chrysocyon brachyurus,CC-BY,"(c) Pablo H Capovilla, some rights reserved (CC BY)",https://www.inaturalist.org/observations/274104105,492832879,2025-04-26,"Santa Fe, AR"
inat_489020583.jpg,lobo_guara,Chrysocyon brachyurus,CC-BY-NC,"(c) AGNALDO CORREA DE ASSIS, some rights reserved (CC BY-NC)",https://www.inaturalist.org/observations/271843923,489020583,2025-04-05,"Minas Gerais, BR"
inat_481624194.jpg,lobo_guara,Chrysocyon brachyurus,CC0,no rights reserved,https://www.inaturalist.org/observations/267971591,481624194,2023-07-17,"Tocantins, BR"
inat_478250589.jpg,lobo_guara,Chrysocyon brachyurus,CC-BY,"(c) Leonel Roget, some rights reserved (CC BY)",https://www.inaturalist.org/observations/266193027,478250589,2025-03-09,"Formosa, AR-FM, AR"
inat_476320325.jpg,lobo_guara,Chrysocyon brachyurus,CC-BY-NC,"(c) Sirlei R Rocha, some rights reserved (CC BY-NC)",https://www.inaturalist.org/observations/265203230,476320325,2024-09-08,"Minas Gerais, BR"
inat_476076538.jpg,lobo_guara,Chrysocyon brachyurus,CC-BY-NC,"(c) fernandofariasbirding, some rights reserved (CC BY-NC)",https://www.inaturalist.org/observations/265080065,476076538,2023-11-14,"Minas Gerais, BR"
inat_472960122.jpg,lobo_guara,Chrysocyon brachyurus,CC-BY-NC,"(c) Michelle Graydon, some rights reserved (CC BY-NC)",https://www.inaturalist.org/observations/263284722,472960122,2024-10-30,"Mato Grosso do Sul, BR"
inat_470862758.jpg,lobo_guara,Chrysocyon brachyurus,CC-BY-NC,"(c) mavc, some rights reserved (CC BY-NC)",https://www.inaturalist.org/observations/262053139,470862758,2025-02-15,"Minas Gerais, BR"
inat_470781396.jpg,lobo_guara,Chrysocyon brachyurus,CC-BY,"(c) filipeprates, some rights reserved (CC BY)",https://www.inaturalist.org/observations/261995507,470781396,2025-02-14,"Minas Gerais, BR"
inat_469597561.jpg,lobo_guara,Chrysocyon brachyurus,CC-BY-NC,"(c) hbook91, some rights reserved (CC BY-NC)",https://www.inaturalist.org/observations/261393409,469597561,2024-08-04,"Mato Grosso do Sul, BR"
inat_466450680.jpg,lobo_guara,Chrysocyon brachyurus,CC-BY-NC,"(c) João Vitor Andriola, some rights reserved (CC BY-NC)",https://www.inaturalist.org/observations/259805077,466450680,2024-11-18,"Minas Gerais, BR"
inat_462051109.jpg,lobo_guara,Chrysocyon brachyurus,CC-BY-NC,"(c) José G. Martínez-Fonseca, some rights reserved (CC BY-NC)",https://www.inaturalist.org/observations/257553675,462051109,2023-08-11,"Mineiros, BR-GO, BR"
inat_458865936.jpg,lobo_guara,Chrysocyon brachyurus,CC-BY-NC,"(c) matedetoni, some rights reserved (CC BY-NC)",https://www.inaturalist.org/observations/255989176,458865936,2024-12-19,"Minas Gerais, BR"
inat_456777073.jpg,lobo_guara,Chrysocyon brachyurus,CC-BY-NC,"(c) ligiacarvalho, some rights reserved (CC BY-NC)",https://www.inaturalist.org/observations/254947425,456777073,2024-09-17,"Minas Gerais, BR"
inat_455814854.jpg,lobo_guara,Chrysocyon brachyurus,CC-BY-NC,"(c) Marcio Santos Ferreira, some rights reserved (CC BY-NC)",https://www.inaturalist.org/observations/254471332,455814854,2024-12-06,"Minas Gerais, BR"
inat_452070624.jpg,lobo_guara,Chrysocyon brachyurus,CC-BY-NC,"(c) Juliana Nascimento Martins, some rights reserved (CC BY-NC)",https://www.inaturalist.org/observations/252526928,452070624,2023-03-16,"Rio Grande do Sul, BR"
inat_452068754.jpg,lobo_guara,Chrysocyon brachyurus,CC-BY-NC,"(c) Juliana Nascimento Martins, some rights reserved (CC BY-NC)",https://www.inaturalist.org/observations/252525939,452068754,2023-08-18,"Rio Grande do Sul, BR"
inat_451804674.jpg,lobo_guara,Chrysocyon brachyurus,CC-BY-NC,"(c) KENNEDY BORGES, some rights reserved (CC BY-NC)",https://www.inaturalist.org/observations/252390200,451804674,2024-09-10,Brazil
inat_448897797.jpg,lobo_guara,Chrysocyon brachyurus,CC-BY-NC,"(c) KENNEDY BORGES, some rights reserved (CC BY-NC)",https://www.inaturalist.org/observations/250940475,448897797,2024-10-08,Brazil
inat_447983909.jpg,lobo_guara,Chrysocyon brachyurus,CC-BY-NC,"(c) Valter K. Filho, some rights reserved (CC BY-NC)",https://www.inaturalist.org/observations/250480078,447983909,2009-03-07,"Goiás, BR"
inat_447320521.jpg,lobo_guara,Chrysocyon brachyurus,CC-BY-NC,"(c) Benedito Freitas, some rights reserved (CC BY-NC)",https://www.inaturalist.org/observations/250152315,447320521,2023-08-06,"Piauí, BR"
inat_447087506.jpg,lobo_guara,Chrysocyon brachyurus,CC-BY-NC,"(c) KENNEDY BORGES, some rights reserved (CC BY-NC)",https://www.inaturalist.org/observations/250038098,447087506,2024-10-30,Brazil
inat_446210853.jpg,lobo_guara,Chrysocyon brachyurus,CC-BY,"(c) Patricio Cowper Coles, some rights reserved (CC BY)",https://www.inaturalist.org/observations/249597562,446210853,2024-10-29,"Chaco, AR"
inat_446025551.jpg,lobo_guara,Chrysocyon brachyurus,CC-BY-NC,"(c) Isaias Maximiliano Churruarin, some rights reserved (CC BY-NC)",https://www.inaturalist.org/observations/249505326,446025551,2024-10-24,"Santa Fe, AR"
